ID,specimen,struct,transline,reporterStatus,AIr,AItau,AIrheobase,pyramidalID,dendrite_type,cortical_layer,acquireRes,Resistence,resistance_hd,resistance_ss,Vrest,time_constant,time_constant2,subamp,submin,rebound_slope,rebound_depolarization,sag,steadystate,sag_ratio,Vrest_sag_sweep,nb_rebound_sp,rheobaseLP,rate_1sRheobase,rate_750msRheobase,rate_500msRheobase,rate_250msRheobase,rate_100msRheobase,rate_50msRheobase,delayRheobase,burstRheobase,latencyRheobase,cv_ISIRheobase,adaptation1Rheobase,adaptation2Rheobase,peak_adaptation1Rheobase,peak_adaptation2Rheobase,peakLP,thresholdLP,half_width_threshold_peak,half_width_peak_trough,height_threshold_peak,height_peak_trough,peak_up_stroke,peak_down_stroke,peak_stroke_ratio,trough,fastTrough,slowTrough,fAHPamp,wf,maxFiringRate,mdn_insta_freq,rate_1sHero,rate_750msHero,rate_500msHero,rate_250msHero,rate_100msHero,rate_50msHero,burst_hero,delay_hero,latency_hero,hero_amp,access_resistance,temperature,cellList
M01_JS_A4_C11,NHP,PFC,N/A,N/A,NaN,NaN,NaN,NaN,NA,0,0.1,398.71,417.4426133,337.2012175,-74.5168429,24.74,228.72,-90,-113.6,0,2.78,7.9,-105.69,1.07,-71.41458587,0,50,6,8,12,16,20,20,0.74,39,43.8,0.35,0.06,1.66,0.98,0,25.56,-37.35,1.1,1.3,62.91,76.7,72.02,-52.95,-1.36,-51.14,3.7,3.7,NaN,0,41,NaN,24,24,26,32,40,40,20.85,0.489563959,20.6,70,0,0,
M01_JS_B1_C14,NHP,PFC,N/A,N/A,NaN,NaN,NaN,NaN,NA,0,0.1,476.84,414.0720593,162.1639116,-62.0762884,41.73,70.55,-90,-110.2,-0.01,89.15,18.21,-91.99,1.2,-64.45996467,0,30,1,1.333333333,2,4,10,20,NaN,NaN,43.3,NaN,NaN,NaN,NaN,NaN,25.4,-44.52,1.3,1.4,69.92,83.87,77.87,-59.74,-1.3,-58.48,3.6,3.6,NaN,0,9,NaN,3,4,6,12,30,40,36.1,0.509695291,18.4,50,0,0,
M01_MW_D1_C02,NHP,PFC,N/A,N/A,NaN,NaN,NaN,NaN,,,NaN,NaN,NaN,NaN,NaN,NaN,NaN,NaN,NaN,NaN,NaN,NaN,NaN,NaN,NaN,NaN,NaN,NaN,NaN,NaN,NaN,NaN,NaN,NaN,NaN,NaN,NaN,NaN,NaN,NaN,NaN,NaN,NaN,NaN,NaN,NaN,NaN,NaN,NaN,NaN,NaN,NaN,NaN,NaN,0,NaN,NaN,NaN,NaN,NaN,NaN,NaN,NaN,NaN,NaN,NaN,NaN,NaN,0,
M01_MW_D2_C03,NHP,PFC,N/A,N/A,NaN,NaN,NaN,NaN,,,NaN,NaN,NaN,NaN,NaN,NaN,NaN,NaN,NaN,NaN,NaN,NaN,NaN,NaN,NaN,NaN,NaN,NaN,NaN,NaN,NaN,NaN,NaN,NaN,NaN,NaN,NaN,NaN,NaN,NaN,NaN,NaN,NaN,NaN,NaN,NaN,NaN,NaN,NaN,NaN,NaN,NaN,NaN,NaN,0,NaN,NaN,NaN,NaN,NaN,NaN,NaN,NaN,NaN,NaN,NaN,NaN,NaN,0,
M01_MW_D2_C05,NHP,PFC,N/A,N/A,NaN,NaN,NaN,NaN,,,NaN,NaN,NaN,NaN,NaN,NaN,NaN,NaN,NaN,NaN,NaN,NaN,NaN,NaN,NaN,NaN,NaN,NaN,NaN,NaN,NaN,NaN,NaN,NaN,NaN,NaN,NaN,NaN,NaN,NaN,NaN,NaN,NaN,NaN,NaN,NaN,NaN,NaN,NaN,NaN,NaN,NaN,NaN,NaN,0,NaN,NaN,NaN,NaN,NaN,NaN,NaN,NaN,NaN,NaN,NaN,NaN,NaN,0,
M01_MW_D4_C10,NHP,PFC,N/A,N/A,NaN,NaN,NaN,NaN,,,NaN,NaN,NaN,NaN,NaN,NaN,NaN,NaN,NaN,NaN,NaN,NaN,NaN,NaN,NaN,NaN,NaN,NaN,NaN,NaN,NaN,NaN,NaN,NaN,NaN,NaN,NaN,NaN,NaN,NaN,NaN,NaN,NaN,NaN,NaN,NaN,NaN,NaN,NaN,NaN,NaN,NaN,NaN,NaN,0,NaN,NaN,NaN,NaN,NaN,NaN,NaN,NaN,NaN,NaN,NaN,NaN,NaN,0,
M01_MW_D4_C11,NHP,PFC,N/A,N/A,NaN,NaN,NaN,NaN,,,NaN,NaN,NaN,NaN,NaN,NaN,NaN,NaN,NaN,NaN,NaN,NaN,NaN,NaN,NaN,NaN,NaN,NaN,NaN,NaN,NaN,NaN,NaN,NaN,NaN,NaN,NaN,NaN,NaN,NaN,NaN,NaN,NaN,NaN,NaN,NaN,NaN,NaN,NaN,NaN,NaN,NaN,NaN,NaN,0,NaN,NaN,NaN,NaN,NaN,NaN,NaN,NaN,NaN,NaN,NaN,NaN,NaN,0,
M01_MW_D5_C12,NHP,PFC,N/A,N/A,NaN,NaN,NaN,NaN,S,3,0.1,314.09,336.9163157,306.1641788,-78.39161462,51.16,280.4,-90,-106.54,0,3.87,2.76,-103.79,1.03,-75.75576241,0,130,1,1.333333333,2,4,10,20,NaN,NaN,42.4,NaN,NaN,NaN,NaN,NaN,17.47,-49.65,2.8,3,67.12,75.46,57.65,-25.27,-2.28,-58,5.1,17.6,NaN,0,1,NaN,1,1.333333333,2,4,10,20,NaN,NaN,23.6,190,0,0,
M01_MW_D5_C14,NHP,PFC,N/A,N/A,NaN,NaN,NaN,NaN,,,NaN,NaN,NaN,NaN,NaN,NaN,NaN,NaN,NaN,NaN,NaN,NaN,NaN,NaN,NaN,NaN,NaN,NaN,NaN,NaN,NaN,NaN,NaN,NaN,NaN,NaN,NaN,NaN,NaN,NaN,NaN,NaN,NaN,NaN,NaN,NaN,NaN,NaN,NaN,NaN,NaN,NaN,NaN,NaN,0,NaN,NaN,NaN,NaN,NaN,NaN,NaN,NaN,NaN,NaN,NaN,NaN,NaN,0,
M01_SM_A1_C03,NHP,PFC,N/A,N/A,NaN,NaN,NaN,NaN,NA,0,0.1,314.94,386.6518897,264.863679,-67.46078952,18.87,95.36,-90,-105,0,3.92,10.8,-94.2,1.11,-66.7662808,0,110,1,1.333333333,2,4,10,20,NaN,NaN,9.6,NaN,NaN,NaN,NaN,NaN,8.36,-38.96,0.5,0.5,47.33,72.24,31.6,-66.69,-0.47,-63.87,1.2,1.2,24.91,0,167,NaN,138,137.3333333,138,136,130,120,8.15,0.385140562,2.8,170,0,0,
M01_SM_A6_C14,NHP,PFC,N/A,N/A,NaN,NaN,NaN,NaN,,,NaN,NaN,NaN,NaN,NaN,NaN,NaN,NaN,NaN,NaN,NaN,NaN,NaN,NaN,NaN,NaN,NaN,NaN,NaN,NaN,NaN,NaN,NaN,NaN,NaN,NaN,NaN,NaN,NaN,NaN,NaN,NaN,NaN,NaN,NaN,NaN,NaN,NaN,NaN,NaN,NaN,NaN,NaN,NaN,0,NaN,NaN,NaN,NaN,NaN,NaN,NaN,NaN,NaN,NaN,NaN,NaN,NaN,0,
M02_JS_D1_C11,NHP,PFC,N/A,N/A,NaN,NaN,NaN,NaN,A,0,0.05,257.87,275.9500113,229.9073772,-74.76718237,36.09,266.86,-90,-102.87,0,0.46,4.33,-98.55,1.04,-72.84003513,0,30,10,10.66666667,12,16,20,0,0.82,15.78,81.4,0.61,0.19,24.77,0.84,-0.01,34.79,-44.37,0.95,0.95,79.16,82.46,170.23,-71.85,-2.37,-47.67,2.5,2.5,NaN,0,28,28.12939522,16,17.33333333,20,24,40,20,10.975,0.704271275,43.2,50,0,0,
M02_JS_D1_C12,NHP,PFC,N/A,N/A,NaN,NaN,NaN,NaN,,,NaN,NaN,NaN,NaN,NaN,NaN,NaN,NaN,NaN,NaN,NaN,NaN,NaN,NaN,NaN,NaN,NaN,NaN,NaN,NaN,NaN,NaN,NaN,NaN,NaN,NaN,NaN,NaN,NaN,NaN,NaN,NaN,NaN,NaN,NaN,NaN,NaN,NaN,NaN,NaN,NaN,NaN,NaN,NaN,0,NaN,NaN,NaN,NaN,NaN,NaN,NaN,NaN,NaN,NaN,NaN,NaN,NaN,0,
M02_JS_D2_C09,NHP,PFC,N/A,N/A,NaN,NaN,NaN,NaN,,,NaN,NaN,NaN,NaN,NaN,NaN,NaN,NaN,NaN,NaN,NaN,NaN,NaN,NaN,NaN,NaN,NaN,NaN,NaN,NaN,NaN,NaN,NaN,NaN,NaN,NaN,NaN,NaN,NaN,NaN,NaN,NaN,NaN,NaN,NaN,NaN,NaN,NaN,NaN,NaN,NaN,NaN,NaN,NaN,0,NaN,NaN,NaN,NaN,NaN,NaN,NaN,NaN,NaN,NaN,NaN,NaN,NaN,0,
M02_JS_D2_C10,NHP,PFC,N/A,N/A,NaN,NaN,NaN,NaN,,,NaN,NaN,NaN,NaN,NaN,NaN,NaN,NaN,NaN,NaN,NaN,NaN,NaN,NaN,NaN,NaN,NaN,NaN,NaN,NaN,NaN,NaN,NaN,NaN,NaN,NaN,NaN,NaN,NaN,NaN,NaN,NaN,NaN,NaN,NaN,NaN,NaN,NaN,NaN,NaN,NaN,NaN,NaN,NaN,0,NaN,NaN,NaN,NaN,NaN,NaN,NaN,NaN,NaN,NaN,NaN,NaN,NaN,0,
M02_JS_D3_C07,NHP,PFC,N/A,N/A,NaN,NaN,NaN,NaN,A,0,0.05,331.57,378.7484953,355.0409142,-79.67542094,9.72,174.99,-90,-110.75,0,1.13,2.49,-108.26,1.02,-76.04684343,0,110,1,1.333333333,2,4,10,20,NaN,NaN,14.05,NaN,NaN,NaN,NaN,NaN,26.67,-43.09,0.8,0.9,69.76,85.11,150.05,-85.69,-1.75,-58.44,2.3,2.3,NaN,0,13,NaN,5,6.666666667,10,20,40,60,19.9,0.158,3.95,170,0,0,
M02_JS_D4_C06,NHP,PFC,N/A,N/A,NaN,NaN,NaN,NaN,NA,0,0.05,242.46,226.7213362,208.831016,-72.64371299,27.97,208.48,-90,-99.12,0,0.21,4.21,-94.91,1.04,-73.35580083,0,30,8,9.333333333,10,12,20,0,0.65,37.4,73.7,0.49,0.19,13.88,0.86,-0.01,31.34,-44.74,1.05,1.05,76.08,79.59,158.51,-69.93,-2.27,-48.25,2.45,2.45,NaN,0,34,27.49140893,15,16,18,24,30,40,14.475,0.547473567,36.8,50,0,0,
M02_JS_D6_C01,NHP,PFC,N/A,N/A,NaN,NaN,NaN,NaN,A,0,0.05,343.32,328.2831275,325.1451575,-70.74194411,14.35,234.15,-90,-117.71,0,74.19,6.56,-111.15,1.06,-71.97828047,0,190,1,1.333333333,2,4,10,20,NaN,NaN,6,NaN,NaN,NaN,NaN,NaN,9.19,-41.5,1.4,1.45,50.69,52.34,81.66,-38.77,-2.11,-43.15,3.1,3.1,NaN,0,1,NaN,NaN,NaN,NaN,NaN,NaN,NaN,NaN,NaN,NaN,NaN,0,0,
M02_JS_D6_C02,NHP,PFC,N/A,N/A,NaN,NaN,NaN,NaN,NA,0,0.05,391.85,397.5329637,295.3172327,-63.13722304,23.07,146.22,-90,-99.4,0,8.03,9.21,-90.19,1.1,-61.63114295,0,90,66,68,68,68,70,60,0.63,14.53,9.4,0.06,0,1.07,0.98,0,24.9,-40.31,0.4,0.55,65.22,94.18,139.34,-161.97,-0.86,-69.27,1.15,1.15,28.96,0,155,130.7189542,100,101.3333333,102,104,100,100,9.625,0.355790646,3.55,130,0,0,
M02_MW_D3_C06,NHP,PFC,N/A,N/A,NaN,NaN,NaN,NaN,S,0,0.05,307.31,293.5359148,255.5721994,-66.74626469,24.39,160.64,-90,-96.31,0,1.71,4.66,-91.65,1.05,-67.17168704,0,30,4,4,6,8,10,0,0.4,184.63,89.5,0.33,0.16,1.94,0.96,-0.01,41.93,-40.25,1,1.1,82.18,97.87,154.61,-80.1,-1.93,-55.94,2.7,26,NaN,0,51,40.32258065,11,12,12,12,10,20,69.475,0.419786827,38.4,50,0,0,
M02_MW_D4_C09,NHP,PFC,N/A,N/A,NaN,NaN,NaN,NaN,A,0,0.05,290.07,299.8528949,216.5069458,-63.87845396,14.98,144.72,-90,-89.72,0,60.85,7.44,-82.28,1.09,-61.95944265,0,50,2,2.666666667,4,8,10,20,0.65,NaN,40.65,0,NaN,NaN,0.94,NaN,10.25,-37.72,0.45,0.65,47.97,77.36,96.99,-142.39,-0.68,-67.11,0.9,0.9,29.39,0,166,137.9310345,27,28,30,32,40,40,24.025,0.606671263,22,70,0,0,
M02_MW_D5_C11,NHP,PFC,N/A,N/A,NaN,NaN,NaN,NaN,A,0,0.05,315.25,331.6062663,158.1095584,-66.73807417,13.14,109.61,-90,-95.09,-0.01,61.43,14.89,-80.2,1.19,-64.43016426,2,50,28,29.33333333,32,32,40,40,0.56,24.23,19.85,0.18,0.02,2.42,1.01,0,1.31,-41.96,0.5,0.65,43.27,63.81,88.64,-108.95,-0.81,-62.5,1.1,1.1,20.54,0,209,173.9130435,55,57.33333333,60,64,70,60,12.25,0.666255398,12,70,0,0,
M02_MW_D6_C12,NHP,PFC,N/A,N/A,NaN,NaN,NaN,NaN,NA,0,0.05,214.84,214.3862505,144.1035036,-64.86522127,23.8,127.42,-90,-86.18,0,3.57,7.08,-79.1,1.09,-64.60036514,0,30,3,2.666666667,4,4,0,0,0.46,352.6,160.6,0.19,NaN,NaN,1.01,NaN,46.88,-36.19,1,1.15,83.07,100.86,155.88,-78.83,-1.98,-53.99,2.95,2.95,NaN,0,38,32.10272873,9,9.333333333,10,12,10,0,81.9,0.61038961,65.8,50,0,0,
M02_MW_D6_C13,NHP,PFC,N/A,N/A,NaN,NaN,NaN,NaN,NA,0,0.05,480.65,419.4502671,320.2487573,-66.57492274,44.48,193.06,-90,-106.99,0,1.5,10.96,-96.03,1.11,-66.37600548,0,30,3,2.666666667,4,4,0,0,0.43,339.88,146.2,0.35,NaN,NaN,1.01,NaN,23.62,-33.97,1.4,1.8,57.59,79.86,82.93,-50.65,-1.64,-56.24,4.85,22.25,NaN,0,16,NaN,7,8,8,8,10,0,111.05,0.466335605,67.3,50,0,0,
M02_SM_A2_C04,NHP,PFC,N/A,N/A,NaN,NaN,NaN,NaN,A,0,0.05,236.34,242.2555498,235.1010086,-72.57102891,19.68,NaN,-90,-95.83,0,0.18,1.29,-94.53,1.01,-73.37074074,0,130,2,2.666666667,4,8,20,20,0.73,NaN,33.95,0,NaN,NaN,0.9,NaN,34.55,-35.8,0.8,0.9,70.34,82.12,143.13,-86.41,-1.66,-47.58,2.4,2.4,NaN,0,39,35.24229075,12,16,24,32,40,40,22.125,0.397546419,16.35,190,0,0,
M02_SM_A4_C07,NHP,PFC,N/A,N/A,NaN,NaN,NaN,NaN,NA,0,0.05,218.2,245.2853372,149.527431,-66.5319394,12.17,108.79,-90,-87.46,0,4.7,8.24,-79.22,1.1,-64.34182775,0,110,1,1.333333333,2,4,10,20,NaN,NaN,14.35,NaN,NaN,NaN,NaN,NaN,14.01,-40.5,0.45,0.55,54.5,76.05,119.41,-129.03,-0.93,-62.04,1.15,1.15,21.54,0,152,NaN,95,98.66666667,100,100,100,100,7.925,0.48294968,5.1,170,0,0,
M02_SM_A4_C08,NHP,PFC,N/A,N/A,NaN,NaN,NaN,NaN,NA,0,0.05,437.93,466.4368415,415.3331721,-70.22412536,25.06,357.05,-90,-116.42,0,0.4,6.59,-109.84,1.06,-68.47403792,0,30,6,5.333333333,6,12,20,20,0.16,93.58,31.15,0.95,0.05,1.66,0.97,0,29.85,-43,0.9,0.95,72.85,86.98,160.5,-92.75,-1.73,-57.13,2.15,16.55,NaN,0,51,45.87155963,22,22.66666667,26,28,40,40,26.125,0.19445456,8.9,70,0,0,
M02_SM_A5_C10,NHP,PFC,N/A,N/A,NaN,NaN,NaN,NaN,NA,0,0.05,272.67,303.2361016,186.9996793,-72.04624904,16,123.06,-90,-98.42,0,5.4,10.58,-87.84,1.12,-68.36728894,0,150,1,1.333333333,2,4,10,20,NaN,NaN,9.3,NaN,NaN,NaN,NaN,NaN,15.23,-40.44,0.35,0.45,55.66,77.3,106.04,-138.88,-0.76,-62.07,0.9,0.9,21.63,0,3,NaN,2,2.666666667,4,8,20,40,NaN,0.523076923,3.4,230,0,0,
M02_SM_A6_C16,NHP,PFC,N/A,N/A,NaN,NaN,NaN,NaN,A,0,0.05,271.45,305.6152888,160.5612695,-65.39865879,15.51,56.83,-90,-91.06,0,5.04,13.12,-77.94,1.17,-61.34085215,0,110,1,1.333333333,2,4,10,20,NaN,NaN,8.45,NaN,NaN,NaN,NaN,NaN,27.47,-43.61,0.35,0.45,71.08,90.7,145.79,-167.55,-0.87,-63.23,0.9,0.9,19.62,0,195,NaN,143,144,144,144,140,140,6.3,0.520826006,3.65,170,0,0,
M03_JS_A1_C01,NHP,PFC,N/A,N/A,NaN,NaN,NaN,NaN,A,3,0.05,270.65,280.4276549,145.7132841,-69.7042751,43.95,186.76,-90,-98.21,0,2.04,11.56,-86.65,1.13,-67.803126,0,50,2,2.666666667,4,8,20,0,1.19,NaN,53.45,0,NaN,NaN,0.91,NaN,14.52,-46.37,0.55,0.65,60.89,74.06,133.63,-115.42,-1.16,-59.54,1.55,1.55,13.17,0,67,60.42296073,59,61.33333333,64,68,80,80,10.15,0.763937104,12.9,150,0,0,
M03_JS_A1_C02,NHP,PFC,N/A,N/A,NaN,NaN,NaN,NaN,,,NaN,NaN,NaN,NaN,NaN,NaN,NaN,NaN,NaN,NaN,NaN,NaN,NaN,NaN,NaN,NaN,NaN,NaN,NaN,NaN,NaN,NaN,NaN,NaN,NaN,NaN,NaN,NaN,NaN,NaN,NaN,NaN,NaN,NaN,NaN,NaN,NaN,NaN,NaN,NaN,NaN,NaN,NaN,NaN,0,NaN,NaN,NaN,NaN,NaN,NaN,NaN,NaN,NaN,NaN,NaN,NaN,NaN,0,
M03_JS_A1_C04,NHP,PFC,N/A,N/A,NaN,NaN,NaN,NaN,A,2,0.05,283.11,355.8489629,288.0078053,-66.23491298,30.3,249.29,-90,-98.63,0,1.07,6.44,-92.2,1.07,-63.35680233,0,30,5,5.333333333,8,0,0,0,1.94,54.68,293.85,1.3,0.23,7.4,1.02,0.02,11.16,-39.4,0.6,0.75,50.56,70.58,109.74,-99.13,-1.11,-59.42,1.75,1.75,20.02,0,98,84.03361345,37,37.33333333,38,36,30,20,30.6,1.386354123,36.8,50,0,0,
M03_JS_A1_C06,NHP,PFC,N/A,N/A,NaN,NaN,NaN,NaN,NA,0,0.05,526.49,534.2396483,512.03872,-61.67970438,18.1,151.57,-90,-111.25,0,3.41,3.48,-107.77,1.03,-60.50034658,0,30,3,4,6,12,20,40,0.41,43.6,17.8,0.42,NaN,NaN,0.94,NaN,33.29,-42.72,0.55,0.65,76.01,96.14,163.61,-138.76,-1.18,-62.85,1.7,1.7,20.13,0,117,100.2506266,36,40,42,48,60,60,14.4,0.339632278,9.5,50,0,0,
M03_JS_A1_C10,NHP,PFC,N/A,N/A,NaN,NaN,NaN,NaN,NA,0,0.05,277.1,334.064776,262.2874307,-64.54718412,14.28,NaN,-110,-94.31,0,8.84,12.43,-81.88,1.15,-63.6325194,0,150,59,78.66666667,110,116,120,120,0.65,9.28,5.95,0.11,0,1.26,0.72,0,16.66,-40.97,0.35,0.4,57.62,75.43,109.56,-140.51,-0.78,-58.77,0.85,0.85,17.8,0,115,113.6363636,115,120,126,132,140,140,7.025,0.629132702,5.45,170,0,0,
M03_JS_A1_C15,NHP,PFC,N/A,N/A,NaN,NaN,NaN,NaN,,,NaN,NaN,NaN,NaN,NaN,NaN,NaN,NaN,NaN,NaN,NaN,NaN,NaN,NaN,NaN,NaN,NaN,NaN,NaN,NaN,NaN,NaN,NaN,NaN,NaN,NaN,NaN,NaN,NaN,NaN,NaN,NaN,NaN,NaN,NaN,NaN,NaN,NaN,NaN,NaN,NaN,NaN,NaN,NaN,0,NaN,NaN,NaN,NaN,NaN,NaN,NaN,NaN,NaN,NaN,NaN,NaN,NaN,0,
M03_JS_A1_C18,NHP,PFC,N/A,N/A,NaN,NaN,NaN,NaN,S,3,0.05,408.13,383.2255462,346.5857662,-71.3827212,46.11,77.68,-90,-113.64,0,1.46,3.46,-110.19,1.03,-72.0795472,0,30,14,14.66666667,14,16,10,0,0.73,59.23,51.55,0.1,0.01,1.29,0.95,0,28.03,-44.62,0.85,0.9,72.66,83.15,148.56,-83.82,-1.77,-55.11,2.6,10.7,NaN,0,40,34.12969283,22,22.66666667,24,24,30,20,30.55,0.544624903,25.15,50,0,0,
M03_JS_A1_C20,NHP,PFC,N/A,N/A,NaN,NaN,NaN,NaN,NA,0,0.05,408.9,449.2080416,355.8397883,-68.34036959,31.29,206.14,-90,-109.99,0,4.8,7.73,-102.26,1.08,-65.87787291,0,30,7,9.333333333,14,16,20,20,0.72,57.43,47.35,0.15,0.05,1.6,0.82,-0.02,25.32,-45.29,0.7,0.8,70.62,81.21,140.62,-93.64,-1.5,-55.89,2.7,11.85,NaN,0,46,33.89830508,23,24,26,28,30,40,29.325,0.474970896,20.4,50,0,0,
M03_MW_A1_C02,NHP,PFC,N/A,N/A,NaN,NaN,NaN,NaN,A,4,0.05,476.07,481.1139172,306.1462619,-54.05834633,34.21,151.2,-90,-103.18,0,64.88,14.31,-88.87,1.16,-53.85245592,1,30,34,34.66666667,34,36,40,40,0.41,26.83,11.8,0.07,0,1.1,0.9,0,17,-39.7,0.7,0.8,56.7,75.01,119.78,-92.34,-1.3,-58.01,2.25,2.25,NaN,0,102,96.61835749,60,60,60,60,60,60,15.35,0.359536868,6,50,0,0,
M03_MW_A1_C03,NHP,PFC,N/A,N/A,NaN,NaN,NaN,NaN,S,3,0.05,238.34,241.9339114,177.5584522,-65.79870008,26.56,279.18,-90,-87.49,0,0.76,6.34,-81.15,1.08,-64.38097484,0,50,5,5.333333333,6,8,10,0,0.45,88.3,88.75,0.68,0.31,8.13,0.98,0,45.78,-39.31,1.5,1.55,85.08,90.42,163.07,-49.12,-3.32,-44.65,4.1,4.1,NaN,0,19,15.16875237,9,9.333333333,10,12,20,0,45.075,0.523114626,58.7,70,0,0,
M03_MW_A1_C04,NHP,PFC,N/A,N/A,NaN,NaN,NaN,NaN,S,4,0.05,367.74,387.5194537,301.2598388,-73.43507657,21.05,208.11,-90,-107.7,0,2.59,9.04,-98.66,1.09,-71.82760888,0,50,1,1.333333333,2,4,10,0,NaN,NaN,89.45,NaN,NaN,NaN,NaN,NaN,27.07,-39.7,1.25,1.45,66.77,82.61,122.7,-54.39,-2.26,-55.54,3.7,3.7,NaN,0,23,NaN,3,4,6,8,20,20,186.55,0.192709729,35.95,70,0,0,
M03_MW_A1_C06,NHP,PFC,N/A,N/A,NaN,NaN,NaN,NaN,S,4,0.05,256.5,254.4975052,217.6556159,-62.57419871,21.04,236.64,-90,-86.21,0,0.43,3.42,-82.79,1.04,-62.32431401,0,50,3,4,4,4,0,0,0.48,280.6,133.8,0.36,NaN,NaN,0.99,NaN,39.98,-33.08,1.45,1.55,73.06,84.59,133.4,-60.55,-2.2,-44.62,4.35,50.7,NaN,0,24,19.96007984,10,10.66666667,12,12,10,0,65.1,0.584747205,57.25,70,0,0,
M03_MW_A1_C09,NHP,PFC,N/A,N/A,NaN,NaN,NaN,NaN,A,3,0.05,325.47,393.8133954,168.1294914,-67.79354018,23.15,187.15,-90,-101.59,0,7.46,13.73,-87.86,1.16,-63.45319833,0,70,1,1.333333333,2,4,10,20,NaN,NaN,15.9,NaN,NaN,NaN,NaN,NaN,42.78,-47.67,0.95,1,90.45,99.62,185.61,-82.65,-2.25,-56.84,3.3,3.3,NaN,0,8,NaN,1,1.333333333,2,4,10,20,NaN,NaN,8.35,110,0,0,
M03_MW_A1_C10,NHP,PFC,N/A,N/A,NaN,NaN,NaN,NaN,S,3,0.05,105.35,113.1409376,79.82556818,-69.90440797,20.45,141.98,-90,-79.96,0,1.59,3.13,-76.83,1.04,-69.66127029,0,150,1,1.333333333,2,4,0,0,NaN,NaN,125.35,NaN,NaN,NaN,NaN,NaN,49.98,-37.93,1.1,1.25,87.91,105.16,186.16,-80.88,-2.3,-55.18,5.05,41.9,NaN,0,1,NaN,1,1.333333333,2,4,10,0,NaN,NaN,76.3,170,0,0,
M03_MW_A1_C11,NHP,PFC,N/A,N/A,NaN,NaN,NaN,NaN,,,NaN,NaN,NaN,NaN,NaN,NaN,NaN,NaN,NaN,NaN,NaN,NaN,NaN,NaN,NaN,NaN,NaN,NaN,NaN,NaN,NaN,NaN,NaN,NaN,NaN,NaN,NaN,NaN,NaN,NaN,NaN,NaN,NaN,NaN,NaN,NaN,NaN,NaN,NaN,NaN,NaN,NaN,NaN,NaN,0,NaN,NaN,NaN,NaN,NaN,NaN,NaN,NaN,NaN,NaN,NaN,NaN,NaN,0,
M03_MW_A1_C16,NHP,PFC,N/A,N/A,NaN,NaN,NaN,NaN,NA,0,0.05,203.83,213.627104,181.7194495,-65.00324205,21.86,324.28,-90,-83.99,0,1.7,3,-80.99,1.04,-63.97065881,0,90,1,1.333333333,2,4,10,20,NaN,NaN,41.4,NaN,NaN,NaN,NaN,NaN,47.92,-43.95,1.4,1.5,91.87,104.67,173.22,-64.36,-2.69,-56.75,4.3,4.3,NaN,0,9,NaN,3,2.666666667,2,4,10,20,410.45,0.048117919,19.75,110,0,0,
M03_SM_A1_C02,NHP,PFC,N/A,N/A,NaN,NaN,NaN,NaN,S,3,0.05,149.72,157.907696,127.6702076,-72.63456722,18.13,182.65,-90,-87.76,0,1.18,2.73,-85.03,1.03,-72.67985583,0,70,1,1.333333333,2,4,0,0,NaN,NaN,127.8,NaN,NaN,NaN,NaN,NaN,35.96,-32.59,0.75,0.85,68.55,90.05,151.39,-92.57,-1.64,-54.08,5.05,39.7,NaN,0,2,NaN,1,1.333333333,2,4,10,0,NaN,NaN,63.25,110,0,0,
M03_SM_A1_C04,NHP,PFC,N/A,N/A,NaN,NaN,NaN,NaN,A,6-May,0.05,276.28,298.4609382,282.9183963,-57.12281105,21.6,174.03,-90,-83.54,0,0.94,2.14,-81.4,1.03,-55.35096333,0,150,100,102.6666667,104,100,100,80,0.63,12.03,6.3,0.08,0,0.83,0.85,0,20.75,-36.76,0.45,0.55,57.51,77.26,123.46,-124.64,-0.99,-56.51,1.3,1.3,19.75,0,112,107.5268817,112,113.3333333,114,116,110,100,10.225,0.488072374,4.35,170,0,0,
M03_SM_A1_C05,NHP,PFC,N/A,N/A,NaN,NaN,NaN,NaN,S,3,0.05,117.46,141.5553636,134.0222214,-75.23440177,16.63,NaN,-90,-87.93,0,1.6,1.75,-86.19,1.02,-74.3620668,0,130,1,1.333333333,2,4,10,20,NaN,NaN,39.05,NaN,NaN,NaN,NaN,NaN,36.04,-46.04,0.7,0.75,82.08,91.31,184.01,-119.86,-1.54,-55.27,1.75,18.3,NaN,0,1,NaN,1,1.333333333,2,4,10,20,NaN,NaN,21.4,170,0,0,
M03_SM_A1_C06,NHP,PFC,N/A,N/A,NaN,NaN,NaN,NaN,,,NaN,NaN,NaN,NaN,NaN,NaN,NaN,NaN,NaN,NaN,NaN,NaN,NaN,NaN,NaN,NaN,NaN,NaN,NaN,NaN,NaN,NaN,NaN,NaN,NaN,NaN,NaN,NaN,NaN,NaN,NaN,NaN,NaN,NaN,NaN,NaN,NaN,NaN,NaN,NaN,NaN,NaN,NaN,NaN,0,NaN,NaN,NaN,NaN,NaN,NaN,NaN,NaN,NaN,NaN,NaN,NaN,NaN,0,
M03_SM_A1_C07,NHP,PFC,N/A,N/A,NaN,NaN,NaN,NaN,S,3,0.05,140.99,139.8230203,89.37105388,-75.3412056,12.41,192,-90,-88.46,0,3.03,5.02,-83.43,1.06,-75.28813144,0,170,1,1.333333333,2,4,10,20,NaN,NaN,39,NaN,NaN,NaN,NaN,NaN,42.5,-41.13,0.55,0.65,83.62,95.31,192.91,-135.08,-1.43,-52.81,1.4,1.4,11.68,0,1,NaN,NaN,NaN,NaN,NaN,NaN,NaN,NaN,NaN,NaN,NaN,0,0,
M03_SM_A1_C14,NHP,PFC,N/A,N/A,NaN,NaN,NaN,NaN,NA,0,0.05,134.91,165.7389291,160.0377571,-77.48105599,23.6,NaN,-90,-93.63,0,0.6,1.8,-91.83,1.02,-77.39551596,0,110,1,1.333333333,2,4,10,20,NaN,NaN,42.35,NaN,NaN,NaN,NaN,NaN,41.46,-47.03,0.7,0.85,88.49,106.41,196.81,-115.56,-1.7,-64.95,5.05,22.2,NaN,0,1,NaN,1,1.333333333,2,4,10,20,NaN,NaN,20.7,170,0,0,
M03_SM_A1_C15,NHP,PFC,N/A,N/A,NaN,NaN,NaN,NaN,NA,0,0.05,336.67,352.0163565,352.2776786,-63.74282106,17.02,NaN,-90,-93.1,0,2.56,1.33,-91.77,1.01,-61.74079507,0,70,1,1.333333333,2,4,10,20,NaN,NaN,17.6,NaN,NaN,NaN,NaN,NaN,36.14,-42.22,0.75,0.85,78.36,92,167.96,-108.16,-1.55,-55.86,4.75,6.65,NaN,0,1,NaN,1,1.333333333,2,4,10,20,NaN,NaN,8.45,110,0,0,
M03_SM_A1_C16,NHP,PFC,N/A,N/A,NaN,NaN,NaN,NaN,NA,0,0.05,292.88,288.1320575,203.2712855,-66.90723056,26.54,174.45,-90,-95.3,0,2.57,7.41,-87.89,1.08,-66.99869958,0,50,1,1.333333333,2,4,10,0,NaN,NaN,56.95,NaN,NaN,NaN,NaN,NaN,27.31,-31.15,0.75,0.85,58.47,73.54,117.12,-88.72,-1.32,-46.23,1.9,17.9,NaN,0,2,NaN,1,1.333333333,2,4,10,20,NaN,NaN,26.7,70,0,0,
M04_JS_A1_C01,NHP,PFC,N/A,N/A,NaN,NaN,NaN,NaN,NA,0,0.05,NaN,420.3979415,49.52482533,-58.94596601,NaN,34.4,NaN,NaN,NaN,NaN,NaN,NaN,NaN,NaN,0,70,82,82.66666667,86,88,90,100,0.35,10.78,4.35,0.07,0,1.22,0.86,0,24.74,-42.83,0.45,0.55,67.58,87.5,147.68,-145.47,-1.02,-62.76,1.5,1.5,19.93,0,82,82.6446281,NaN,NaN,NaN,NaN,NaN,NaN,NaN,NaN,NaN,NaN,0,0,
M04_JS_A1_C02,NHP,PFC,N/A,N/A,NaN,NaN,NaN,NaN,NA,0,0.05,405.82,482.2833346,335.9546265,-64.64415865,23.28,146,NaN,NaN,NaN,NaN,NaN,NaN,NaN,NaN,0,20,1,1.333333333,2,4,10,0,NaN,NaN,52.65,NaN,NaN,NaN,NaN,NaN,30.04,-42.85,0.85,1,72.89,89.56,155.19,-79.33,-1.96,-59.51,5.05,14.85,NaN,0,30,NaN,16,21.33333333,24,28,30,40,27.8,0.246886607,11.3,60,0,0,
M04_JS_A1_C03,NHP,PFC,N/A,N/A,NaN,NaN,NaN,NaN,NA,0,0.05,302.73,327.9558363,306.2256417,-56.57812365,20.75,NaN,NaN,NaN,NaN,NaN,NaN,NaN,NaN,NaN,0,150,1,1.333333333,2,4,10,20,NaN,NaN,2.65,NaN,NaN,NaN,NaN,NaN,20.82,-47.16,0.45,0.55,67.98,83.21,141.35,-139.49,-1.01,-62.4,1.25,1.25,15.24,0,146,NaN,146,148,150,156,160,160,6.325,0.043705415,0.3,230,0,0,
M04_JS_A1_C05,NHP,PFC,N/A,N/A,NaN,NaN,NaN,NaN,,,NaN,NaN,NaN,NaN,NaN,NaN,NaN,NaN,NaN,NaN,NaN,NaN,NaN,NaN,NaN,NaN,NaN,NaN,NaN,NaN,NaN,NaN,NaN,NaN,NaN,NaN,NaN,NaN,NaN,NaN,NaN,NaN,NaN,NaN,NaN,NaN,NaN,NaN,NaN,NaN,NaN,NaN,NaN,NaN,0,NaN,NaN,NaN,NaN,NaN,NaN,NaN,NaN,NaN,NaN,NaN,NaN,NaN,0,
M04_JS_A1_C06,NHP,PFC,N/A,N/A,NaN,NaN,NaN,NaN,A,6-May,0.05,NaN,162.9882301,144.5457597,-68.55513973,NaN,NaN,NaN,NaN,NaN,NaN,NaN,NaN,NaN,NaN,0,90,1,1.333333333,2,4,10,20,NaN,NaN,24.15,NaN,NaN,NaN,NaN,NaN,19.92,-48.08,0.85,0.9,68.01,77.87,141.23,-88.99,-1.59,-57.95,2.35,2.35,NaN,0,11,NaN,6,8,12,24,60,80,11.4,0.196942975,3.35,230,0,0,
M04_JS_A1_C08,NHP,PFC,N/A,N/A,NaN,NaN,NaN,NaN,NA,0,0.05,NaN,296.4360918,464.9892572,-56.41969516,NaN,NaN,NaN,NaN,NaN,NaN,NaN,NaN,NaN,NaN,0,50,43,46.66666667,50,56,70,80,0.09,14.2,2.1,0.18,0.01,1.96,0.88,0,27.75,-52.3,0.8,0.9,80.05,96.57,155.62,-108.88,-1.43,-68.82,2.15,2.15,NaN,0,43,42.68943436,NaN,NaN,NaN,NaN,NaN,NaN,NaN,NaN,NaN,NaN,0,0,
M04_JS_A1_C09,NHP,PFC,N/A,N/A,NaN,NaN,NaN,NaN,A,3,0.05,371.58,396.1158813,348.0797779,-67.71207617,20.81,174.46,NaN,NaN,NaN,NaN,NaN,NaN,NaN,NaN,0,70,1,1.333333333,2,4,10,20,NaN,NaN,36.6,NaN,NaN,NaN,NaN,NaN,32.64,-36.95,0.9,1,69.59,82.37,142.71,-71.09,-2.01,-49.73,5.05,12.9,NaN,0,1,NaN,1,1.333333333,2,4,10,20,NaN,NaN,17.15,90,0,0,
M04_JS_A1_C10,NHP,PFC,N/A,N/A,NaN,NaN,NaN,NaN,NA,0,0.05,224.06,259.8695816,228.3842904,-75.92849996,30.39,152.96,NaN,NaN,NaN,NaN,NaN,NaN,NaN,NaN,0,80,1,1.333333333,2,4,0,0,NaN,NaN,170,NaN,NaN,NaN,NaN,NaN,31.59,-41.77,1,1.15,73.36,91.28,146.67,-80.52,-1.82,-59.69,4.9,40.15,NaN,0,2,NaN,2,2.666666667,4,4,0,0,NaN,0.923356192,228.9,90,0,0,
M04_JS_A1_C12,NHP,PFC,N/A,N/A,NaN,NaN,NaN,NaN,A,6-May,0.05,171.97,202.6359986,145.4173694,-80.99685462,55.88,NaN,NaN,NaN,NaN,NaN,NaN,NaN,NaN,NaN,0,70,1,1.333333333,2,4,0,0,NaN,NaN,115.45,NaN,NaN,NaN,NaN,NaN,33.73,-51.93,1.55,1.7,85.66,98.28,161.27,-52.09,-3.1,-64.56,5.05,26.45,NaN,0,26,NaN,11,12,12,12,10,20,74.575,0.445716268,38.55,110,0,0,
M04_JS_A1_C14,NHP,PFC,N/A,N/A,NaN,NaN,NaN,NaN,A,6-May,0.05,293.64,283.2201737,174.7827323,-67.19343988,29.57,174.52,NaN,NaN,NaN,NaN,NaN,NaN,NaN,NaN,0,10,1,0,0,0,0,0,NaN,NaN,808.1,NaN,NaN,NaN,NaN,NaN,44.94,-42.35,0.95,1.05,87.29,98.46,188.59,-89.46,-2.11,-53.52,5.05,296.75,NaN,0,28,NaN,12,12,12,12,10,0,71.925,1.08934338,87.4,30,0,0,
M04_JS_A1_C15,NHP,PFC,N/A,N/A,NaN,NaN,NaN,NaN,NA,0,0.05,523.65,529.4457672,394.5346924,-69.55843442,21.24,200.4,NaN,NaN,NaN,NaN,NaN,NaN,NaN,NaN,0,20,2,2.666666667,4,4,0,0,0.64,NaN,132.55,0,NaN,NaN,0.94,NaN,27.14,-44.77,1.2,1.35,71.91,82.96,135,-53.03,-2.55,-55.82,5.05,13.65,NaN,0,33,27.62430939,8,8,10,12,10,20,76.375,0.380999304,46.95,30,0,0,
M04_JS_A1_C17,NHP,PFC,N/A,N/A,NaN,NaN,NaN,NaN,A,3,0.05,NaN,115.7443486,126.6208899,-69.28158271,NaN,NaN,NaN,NaN,NaN,NaN,NaN,NaN,NaN,NaN,0,230,1,1.333333333,2,4,10,20,NaN,NaN,11.5,NaN,NaN,NaN,NaN,NaN,20.65,-45.76,1.15,1.2,66.41,72.59,121.87,-54.97,-2.22,-51.94,4.75,5.5,NaN,0,1,NaN,NaN,NaN,NaN,NaN,NaN,NaN,NaN,NaN,NaN,NaN,0,0,
M04_MW_A1_C02,NHP,PFC,N/A,N/A,NaN,NaN,NaN,NaN,NA,0,0.05,98.75,93.6054914,67.07137215,-81.02907221,7.14,231.55,-90,-89.97,0,0.81,2.4,-87.57,1.03,-81.40141856,0,270,1,1.333333333,2,4,10,20,NaN,NaN,28.75,NaN,NaN,NaN,NaN,NaN,42.4,-44.65,0.9,1.05,87.05,105.38,192.33,-83.79,-2.3,-62.98,5.05,18.5,NaN,0,20,NaN,9,10.66666667,8,16,20,40,48.625,0.082765336,8.5,410,0,0,
M04_MW_A1_C03,NHP,PFC,N/A,N/A,NaN,NaN,NaN,NaN,NA,0,0.05,160.64,171.9182399,112.8417615,-58.72590211,11.6,173.21,-90,-73.72,0,3.02,5.49,-68.23,1.08,-57.95865855,0,150,27,12,0,0,0,0,42.63,13.65,619.5,0.08,0,1.12,1,0,30.05,-32.34,0.35,0.45,62.38,87.43,124.63,-166.5,-0.75,-57.38,0.85,0.85,25.04,0,63,82.4742268,63,54.66666667,40,0,0,0,11.35,21.86105263,259.6,170,0,0,
M04_MW_A1_C07,NHP,PFC,N/A,N/A,NaN,NaN,NaN,NaN,A,3,0.05,93.2,131.3944044,113.9354196,-72.34689101,10.51,213.83,-90,-81.9,0,0.23,1.92,-79.98,1.02,-69.79426908,0,170,1,1.333333333,2,4,10,20,NaN,NaN,33.55,NaN,NaN,NaN,NaN,NaN,30.9,-46.47,1.15,1.3,77.37,90.68,156.1,-66.56,-2.35,-59.78,5,14.3,NaN,0,1,NaN,NaN,NaN,NaN,NaN,NaN,NaN,NaN,NaN,NaN,NaN,0,0,
M04_MW_A1_C08,NHP,PFC,N/A,N/A,NaN,NaN,NaN,NaN,NA,0,0.05,264.22,263.028241,218.871868,-65.1500638,17.46,282.1,-90,-88.48,0,1.61,4.66,-83.82,1.06,-64.61101044,0,70,1,1.333333333,2,4,10,0,NaN,NaN,54,NaN,NaN,NaN,NaN,NaN,42.83,-40.89,0.95,1.1,83.72,100.1,168.22,-85.82,-1.96,-57.27,5.05,15.55,NaN,0,23,NaN,11,14.66666667,16,20,20,20,48.225,0.190093501,12.3,110,0,0,
M04_MW_A1_C09,NHP,PFC,N/A,N/A,NaN,NaN,NaN,NaN,NA,0,0.05,298.34,280.6841327,196.4803039,-53.63881557,43.22,138.44,-90,-80,0,0.15,6.81,-73.19,1.09,-53.22684464,0,30,1,1.333333333,2,4,0,0,NaN,NaN,152.2,NaN,NaN,NaN,NaN,NaN,56.19,-31.51,1.4,1.5,87.7,101.39,164.22,-58.78,-2.79,-45.2,5.05,6.3,NaN,0,11,NaN,4,4,6,8,10,0,136.2,0.214564369,63.25,50,0,0,
M04_MW_A1_C10,NHP,PFC,N/A,N/A,NaN,NaN,NaN,NaN,A,3,0.05,77.85,86.98680497,71.33864178,-87.8802883,7.12,273.5,-90,-94.14,0,0.56,1.55,-92.59,1.02,-86.27629617,0,330,1,1.333333333,2,4,10,20,NaN,NaN,17.5,NaN,NaN,NaN,NaN,NaN,36.84,-59.31,0.85,0.9,96.15,104.86,216.48,-110.29,-1.96,-68.02,2.2,9.75,NaN,0,1,NaN,1,1.333333333,2,4,10,20,NaN,NaN,4.8,490,0,0,
M04_SM_A1_C07,NHP,PFC,N/A,N/A,NaN,NaN,NaN,NaN,NA,0,0.05,229.64,285.2139563,231.9364588,-76.17560199,12.66,NaN,-90,-100.31,0,1.17,4.48,-95.83,1.05,-73.35326934,0,90,1,1.333333333,2,4,10,20,NaN,NaN,23.75,NaN,NaN,NaN,NaN,NaN,25.78,-47.06,0.85,0.95,72.85,77.66,139.17,-82.37,-1.69,-51.87,4.75,8.6,NaN,0,2,NaN,1,1.333333333,2,4,10,20,NaN,NaN,12.4,130,0,0,
M04_SM_A1_C08,NHP,PFC,N/A,N/A,NaN,NaN,NaN,NaN,,,NaN,NaN,NaN,NaN,NaN,NaN,NaN,NaN,NaN,NaN,NaN,NaN,NaN,NaN,NaN,NaN,NaN,NaN,NaN,NaN,NaN,NaN,NaN,NaN,NaN,NaN,NaN,NaN,NaN,NaN,NaN,NaN,NaN,NaN,NaN,NaN,NaN,NaN,NaN,NaN,NaN,NaN,NaN,NaN,0,NaN,NaN,NaN,NaN,NaN,NaN,NaN,NaN,NaN,NaN,NaN,NaN,NaN,0,
M04_SM_A1_C09,NHP,PFC,N/A,N/A,NaN,NaN,NaN,NaN,A,3,0.05,524.14,454.538562,203.4190191,-61.42353285,22.12,34.51,-90,-103.11,-0.01,20.69,19.73,-83.39,1.24,-61.8389304,0,70,1,1.333333333,2,4,10,20,NaN,NaN,12.25,NaN,NaN,NaN,NaN,NaN,15.29,-40.32,0.9,1.05,55.61,70.84,98.05,-76.77,-1.28,-55.55,2.65,2.65,NaN,0,1,NaN,1,1.333333333,2,4,10,20,NaN,NaN,6.25,110,0,0,
M04_SM_A1_C13,NHP,PFC,N/A,N/A,NaN,NaN,NaN,NaN,NA,0,0.05,102.29,118.3413362,109.9993561,-74.98907966,15.22,NaN,-90,-84.79,0,0.6,0.9,-83.89,1.01,-73.86040797,0,150,1,1.333333333,2,4,10,0,NaN,NaN,71.05,NaN,NaN,NaN,NaN,NaN,39.98,-43.2,1,1.05,83.18,92.02,146.16,-94.47,-1.55,-52.04,5.05,26.85,NaN,0,1,NaN,1,1.333333333,2,4,10,20,NaN,NaN,44.25,170,0,0,
M05_JS_A1_C02,NHP,PFC,N/A,N/A,NaN,NaN,NaN,NaN,A,4,0.05,NaN,397.3840531,252.0063756,-68.34005936,NaN,79.3,NaN,NaN,NaN,NaN,NaN,NaN,NaN,NaN,0,10,17,17.33333333,18,16,10,0,1.17,43.13,66.95,0.16,0.02,1.58,0.84,-0.01,29.7,-47.07,1,1.05,76.77,84.42,145.07,-70.34,-2.06,-54.71,4.6,11.9,NaN,0,41,NaN,41,41.33333333,44,48,50,40,17.65,0.897745365,21.85,30,0,0,
M05_JS_A1_C03,NHP,PFC,N/A,N/A,NaN,NaN,NaN,NaN,NA,0,0.05,341.96,354.8323365,301.9520683,-75.35372429,17.26,120.55,-90,-107.1,0,2.25,5.12,-101.97,1.05,-72.98765659,0,50,2,2.666666667,4,8,10,0,0.6,NaN,66.5,0,NaN,NaN,0.94,NaN,34.62,-40.37,0.95,1.1,74.98,92.71,156.82,-79.57,-1.97,-58.09,4.95,15.5,NaN,0,40,32.41491086,7,9.333333333,14,20,20,20,44.225,0.505087108,30.2,70,0,0,
M05_JS_A1_C05,NHP,PFC,N/A,N/A,NaN,NaN,NaN,NaN,NA,0,0.05,324.9,327.2594883,249.6616573,-71.49131998,12.65,228.4,NaN,NaN,NaN,NaN,NaN,NaN,NaN,NaN,0,30,9,9.333333333,12,20,30,40,0.17,31.05,20.2,0.95,0.07,3.28,0.84,-0.01,22.9,-54.32,1.1,1.15,77.22,84.5,141.06,-68.18,-2.07,-61.6,5.05,5.5,NaN,0,39,NaN,20,26.66666667,34,40,50,60,18,0.276029056,9.9,50,0,0,
M05_JS_A1_C06,NHP,PFC,N/A,N/A,NaN,NaN,NaN,NaN,NA,0,0.05,350.46,347.7875519,167.4273498,-67.09231694,23.6,65.1,-90,-100.36,0,8.37,15.34,-85.02,1.18,-66.3289594,0,70,1,1.333333333,2,4,10,20,NaN,NaN,16.85,NaN,NaN,NaN,NaN,NaN,18.99,-43.3,0.55,0.6,62.28,75.66,134.48,-117.64,-1.14,-56.68,1.4,1.4,13.38,0,82,NaN,52,69.33333333,88,96,100,100,9.775,0.727725236,8.6,110,0,0,
M05_JS_A1_C08,NHP,PFC,N/A,N/A,NaN,NaN,NaN,NaN,A,6-May,0.05,184.63,237.1753692,207.6575463,-65.48972414,20.85,323.68,-90,-84.56,0,2.41,3.03,-81.54,1.04,-62.2281963,0,90,1,1.333333333,2,4,10,0,NaN,NaN,78.95,NaN,NaN,NaN,NaN,NaN,12.08,-36.29,1.2,1.45,48.37,67.66,88.68,-53.98,-1.64,-55.57,3.6,3.6,NaN,0,3,NaN,2,2.666666667,4,8,20,40,NaN,0.56873823,15.1,130,0,0,
M05_JS_A1_C09,NHP,PFC,N/A,N/A,NaN,NaN,NaN,NaN,A,6-May,0.05,489.68,507.3462179,374.2649402,-65.93779937,23.83,163.33,-90,-110.72,0,3.42,10.81,-99.92,1.11,-63.63818193,0,50,1,1.333333333,2,4,10,20,NaN,NaN,17.3,NaN,NaN,NaN,NaN,NaN,29.09,-44.15,0.9,1.05,73.25,88.78,144.95,-76.94,-1.88,-59.68,3.55,3.55,NaN,0,2,NaN,1,1.333333333,2,4,10,20,NaN,NaN,9.75,70,0,0,
M05_JS_A1_C11,NHP,PFC,N/A,N/A,NaN,NaN,NaN,NaN,A,3,0.05,302.15,339.7817532,283.6473792,-63.88414975,20.33,265.15,-110,-98.48,0,1.06,5.57,-92.92,1.06,-60.67236947,0,40,23,22.66666667,22,16,0,0,2.82,41.5,111.4,0.09,0,1,0.8,0,27.73,-43.6,1.05,1.15,71.32,84.55,144.31,-68.44,-2.11,-56.82,3.9,3.9,NaN,0,35,51.28205128,35,36,40,36,30,40,29.05,0.703209559,19.3,70,0,0,
M05_MJ_A1_C02,NHP,PFC,N/A,N/A,NaN,NaN,NaN,NaN,S,6-May,0.05,219.86,186.058416,182.9502878,-52.33891172,22.53,NaN,-90,-73.17,0,0.85,1,-72.17,1.01,-53.19805754,0,130,1,1.333333333,2,4,10,20,NaN,NaN,9.85,NaN,NaN,NaN,NaN,NaN,7.57,-37.5,2.4,2.6,45.07,50.08,50.58,-19.91,-2.54,-42.51,5.05,16.2,NaN,0,1,NaN,1,1.333333333,2,4,10,20,NaN,NaN,5.4,170,0,0,
M05_MJ_A1_C04,NHP,PFC,N/A,N/A,NaN,NaN,NaN,NaN,S,6-May,0.05,179.66,185.619905,153.5294349,-71.45967971,27.74,NaN,-90,-89.18,0,1.43,3.32,-85.85,1.04,-71.72476364,0,70,1,1.333333333,2,4,0,0,NaN,NaN,129.45,NaN,NaN,NaN,NaN,NaN,9.77,-45.01,1.6,1.9,54.77,69.61,81.52,-38.52,-2.12,-59.84,5.05,35.3,NaN,0,11,NaN,2,2.666666667,4,8,10,0,NaN,0.384719864,56.65,110,0,0,
M05_SM_A1_C01,NHP,PFC,N/A,N/A,NaN,NaN,NaN,NaN,S,4,0.1,222.78,442.5604236,396.2377907,-63.92756838,21.25,NaN,-70,-91.49,0,0.52,3.32,-88.17,1.04,-60.53944986,0,70,12,12,12,8,10,20,0.53,121.6,44.1,0.63,-0.06,0.24,1,0,13.52,-32.81,1,1,46.33,52.28,52.67,-41.71,-1.26,-38.76,4.6,5.7,NaN,0,12,NaN,8,10.66666667,16,20,10,20,49.85,0.510580035,29.3,90,0,0,
M05_SM_A1_C02,NHP,PFC,N/A,N/A,NaN,NaN,NaN,NaN,S,4,0.1,257.26,257.9089647,210.5325599,-73.24762826,17.3,NaN,-90,-98.39,0,1.37,4.51,-93.88,1.05,-73.34530572,0,90,4,5.333333333,8,4,10,20,0.2,161.4,30,0.44,-0.12,0.58,0.86,-0.05,37.84,-36.83,0.8,0.9,74.68,81.15,83.74,-66.9,-1.25,-43.3,2.6,2.6,NaN,0,4,7.639419404,NaN,NaN,NaN,NaN,NaN,NaN,NaN,NaN,NaN,NaN,0,0,
M06_SM_A1_C01,NHP,PFC,N/A,N/A,NaN,NaN,NaN,NaN,NaN,NaN,0.1,NaN,636.7266118,336.9493834,-63.16064326,NaN,NaN,NaN,NaN,NaN,NaN,NaN,NaN,NaN,NaN,0,30,3,4,6,12,30,40,0.46,28.1,12.9,0.07,NaN,NaN,0.83,NaN,15.81,-44.46,1.1,1.2,60.27,66.56,69.26,-47.66,-1.45,-50.75,5.1,5.4,NaN,0,3,35.58718861,NaN,NaN,NaN,NaN,NaN,NaN,NaN,NaN,NaN,NaN,0,0,
M08_JS_A1_C01,NHP,PFC,N/A,N/A,NaN,NaN,NaN,NaN,NaN,NaN,0.05,277.32,304.4934234,210.7184081,-62.67081071,19.14,258.69,-90,-88.67,0,8.09,8.02,-80.65,1.1,-60.46168771,0,90,1,1.333333333,2,4,10,20,NaN,NaN,19.1,NaN,NaN,NaN,NaN,NaN,26.32,-36.46,0.5,0.65,62.78,87.17,133.29,-131.43,-1.01,-60.85,1.55,1.55,24.39,0,76,NaN,59,60,62,64,60,60,14.875,0.511729906,8.65,130,0,0,
M08_JS_A1_C02,NHP,PFC,N/A,N/A,NaN,NaN,NaN,NaN,NaN,NaN,0.05,327.68,430.9501535,385.0359662,-65.39447031,14.9,103.52,-70,-98.55,0,1.05,3.15,-95.4,1.03,-64.42871593,0,10,8,8,10,8,10,0,0.76,82.55,85.9,0.23,0.05,1.74,0.99,0,33.81,-44.1,0.6,0.7,77.91,99.9,170.56,-133.71,-1.28,-66.09,5.05,10.25,NaN,0,60,57.47126437,NaN,NaN,NaN,NaN,NaN,NaN,NaN,NaN,NaN,NaN,0,0,
M08_JS_A1_C03,NHP,PFC,N/A,N/A,NaN,NaN,NaN,NaN,NaN,NaN,0.05,400.52,404.2801468,384.0090811,-61.0170862,14.38,161.25,-90,-96.31,0,2.36,2.35,-93.96,1.03,-60.51669467,0,70,7,9.333333333,14,28,50,60,0.33,16.8,7.8,0.25,0.06,1.92,0.91,-0.01,31.61,-46.03,0.6,0.65,77.64,89.29,167.84,-131.46,-1.28,-57.68,1.65,1.65,11.65,0,86,71.42857143,56,60,66,76,90,100,9,0.290149133,5.2,110,0,0,
M08_JS_A1_C06,NHP,PFC,N/A,N/A,NaN,NaN,NaN,NaN,NaN,NaN,0.05,NaN,355.075879,302.3415747,-66.62448701,NaN,NaN,-90,-99.39,0,5.14,6.25,-93.14,1.07,-63.33552681,0,90,18,24,30,36,40,60,0.36,17.93,12.35,0.27,0.05,5.07,0.86,0,19.63,-46.96,0.85,0.85,66.59,68.3,138.84,-79.19,-1.75,-48.67,1.8,1.8,1.71,0,29,31.84713376,22,29.33333333,34,40,50,60,10.525,0.27543036,8.8,110,0,0,
M08_JS_A1_C08,NHP,PFC,N/A,N/A,NaN,NaN,NaN,NaN,NaN,NaN,0.05,131.15,125.8263323,85.15508045,-77.44597634,9.1,269.13,-70,-85.95,0,1.22,2.75,-83.2,1.03,-76.96580383,0,250,1,1.333333333,2,4,10,20,NaN,NaN,25.9,NaN,NaN,NaN,NaN,NaN,35.54,-42.38,0.75,0.75,77.92,86.64,171.84,-104.05,-1.65,-51.1,1.75,16.05,NaN,0,5,NaN,4,5.333333333,8,16,40,60,16.575,0.438583271,9.7,370,0,0,
M08_JS_A1_C09,NHP,PFC,N/A,N/A,NaN,NaN,NaN,NaN,NaN,NaN,0.05,428.54,339.5877633,196.1774871,-57.62641333,38.43,149.98,-90,-100.83,0,3.08,10.72,-90.12,1.12,-58.47942783,0,10,4,5.333333333,8,8,10,0,0.57,132.58,78.85,0.09,0.01,1.04,0.92,-0.02,25.44,-37.78,0.8,0.9,63.22,81.06,134.69,-90.68,-1.49,-55.62,2.6,2.6,NaN,0,55,53.33333333,13,17.33333333,18,20,20,20,50.325,0.555076084,30.55,30,0,0,
M08_JS_A1_C10,NHP,PFC,N/A,N/A,NaN,NaN,NaN,NaN,NaN,NaN,0.05,236.28,232.0335427,154.7372057,-67.21010953,14.47,52,-110,-93.41,0,4.87,8.8,-84.61,1.1,-67.84488383,0,250,1,1.333333333,2,4,10,20,NaN,NaN,7.65,NaN,NaN,NaN,NaN,NaN,10.82,-36.13,0.4,0.5,46.95,64.16,96.98,-117.29,-0.83,-53.34,0.9,0.9,17.21,0,55,NaN,47,62.66666667,94,168,170,180,5.65,0.684106791,4.15,310,0,0,
M08_JS_A1_C11,NHP,PFC,N/A,N/A,NaN,NaN,NaN,NaN,NaN,NaN,0.05,572.94,578.2098372,482.7557449,-63.62077852,37.44,201.49,-90,-124.46,0,1.6,10.06,-114.4,1.09,-60.83820211,0,170,1,1.333333333,2,4,10,20,NaN,NaN,3.95,NaN,NaN,NaN,NaN,NaN,5.33,-42.42,0.95,0.95,47.75,48.63,77.38,-51.98,-1.49,-43.3,2.2,2.2,NaN,0,1,NaN,NaN,NaN,NaN,NaN,NaN,NaN,NaN,NaN,NaN,NaN,0,0,
M08_JS_A1_C13,NHP,PFC,N/A,N/A,NaN,NaN,NaN,NaN,NaN,NaN,0.05,528.83,539.0059412,408.0407326,-70.31091087,19.9,164.13,-70,-109.53,0,3.97,8.94,-100.59,1.09,-68.81287428,0,30,2,2.666666667,4,8,20,40,1.28,NaN,27.75,0,NaN,NaN,0.93,NaN,2.5,-49.29,1.3,1.4,51.79,55.36,75.25,-40.06,-1.88,-52.86,4.95,4.95,NaN,0,2,NaN,1,1.333333333,2,4,10,20,NaN,NaN,16.25,50,0,0,
M08_JS_A1_C14,NHP,PFC,N/A,N/A,NaN,NaN,NaN,NaN,NaN,NaN,0.05,444.25,416.2073151,346.5446342,-73.67238088,25.45,107.5,-90,-115.11,0,0.09,7.01,-108.1,1.06,-74.6331834,0,70,42,44,44,44,40,40,0.75,21.43,17.7,0.1,0,1.33,0.84,0,16.48,-45.45,0.6,0.75,61.92,84.18,129.47,-114.69,-1.13,-67.7,1.6,1.6,22.25,0,108,84.74576271,71,72,72,72,70,80,12.725,0.746666667,10.4,110,0,0,
M08_MW_A1_C05,NHP,PFC,N/A,N/A,NaN,NaN,NaN,NaN,NaN,NaN,0.05,102.39,107.4598985,65.78249889,-69.53811797,13.09,51.52,-90,-78.95,0,3.36,4.19,-74.76,1.06,-68.87877345,0,150,1,1.333333333,2,4,10,0,NaN,NaN,70,NaN,NaN,NaN,NaN,NaN,40.04,-43.98,0.6,0.7,84.01,103,193.1,-146.85,-1.31,-62.96,1.55,19.5,NaN,0,1,NaN,1,1.333333333,2,4,10,20,NaN,NaN,44.05,170,0,0,
M08_MW_A1_C07,NHP,PFC,N/A,N/A,NaN,NaN,NaN,NaN,NaN,NaN,0.05,145.72,164.8640867,108.0946763,-76.58701762,8.63,119.23,-70,-86.3,0,2.2,4.15,-82.16,1.05,-74.84865084,0,130,1,1.333333333,2,4,10,0,NaN,NaN,53.55,NaN,NaN,NaN,NaN,NaN,23.07,-47.27,0.85,0.9,70.34,77.42,150.21,-85.55,-1.76,-54.35,1.95,51.1,NaN,0,11,NaN,11,12,12,16,20,20,64.1,0.31095861,29,170,0,0,
M08_SM_A1_C03,NHP,PFC,N/A,N/A,NaN,NaN,NaN,NaN,NaN,NaN,0.05,296.38,309.1285072,195.622572,-63.6072389,20.62,93.72,-90,-91.33,0,3.46,10.06,-81.27,1.12,-61.97853724,0,90,71,72,74,72,70,60,0.6,14.1,8.35,0.09,0,1.19,0.86,0,12,-46.4,0.55,0.65,58.4,71.75,124.09,-109.73,-1.13,-59.75,1.6,1.6,13.35,0,126,109.8901099,107,108,108,108,110,100,9.225,0.629681836,5.9,130,0,0,
M08_SM_A1_C07,NHP,PFC,N/A,N/A,NaN,NaN,NaN,NaN,NaN,NaN,0.05,91.23,146.0669812,140.2365949,-68.58793999,16.52,NaN,-90,-79.97,0,0.06,1.12,-78.86,1.01,-66.89960003,0,130,1,1.333333333,2,4,10,0,NaN,NaN,70.9,NaN,NaN,NaN,NaN,NaN,33.65,-38.18,0.95,1.15,71.83,90.09,137.98,-76.84,-1.8,-56.45,4.65,31.95,NaN,0,1,NaN,1,1.333333333,2,4,10,20,NaN,NaN,31.05,170,0,0,
M08_SM_A1_C09,NHP,PFC,N/A,N/A,NaN,NaN,NaN,NaN,NaN,NaN,0.05,103.09,142.1643375,105.1966151,-71.09357751,17.13,247.19,-90,-82.94,0,0.74,4.29,-78.65,1.05,-69.06425332,0,70,2,2.666666667,4,8,10,0,0.65,NaN,85.9,0,NaN,NaN,0.91,NaN,37.07,-42.24,0.8,0.9,79.31,93.7,169.64,-90.28,-1.88,-56.63,2.4,30.85,NaN,0,23,20.18163471,7,9.333333333,14,16,20,20,45.1,0.528608027,30.95,110,0,0,
M10_JS_A1_C02,NHP,PFC,N/A,N/A,NaN,NaN,NaN,NaN,NaN,NaN,0.05,348.85,328.9721219,292.1179223,-71.41977823,16.14,249.3,NaN,NaN,NaN,NaN,NaN,NaN,NaN,NaN,0,20,9,9.333333333,8,8,10,0,0.92,101.7,95.6,0.09,-0.01,0.9,0.9,0,22.67,-42.39,1,1.15,65.06,77.92,130.27,-66.2,-1.97,-55.25,3.2,3.2,NaN,0,40,NaN,40,40,38,36,40,40,19.9,0.671242701,16.8,60,0,0,
M10_JS_A1_C03,NHP,PFC,N/A,N/A,NaN,NaN,NaN,NaN,A,3,0.05,504.14,336.4840612,176.742428,-65.54494045,17.93,141.33,NaN,NaN,NaN,NaN,NaN,NaN,NaN,NaN,0,20,14,13.33333333,14,12,10,0,0.94,70.93,64.65,0.12,0,0.93,0.97,0,30.5,-45.23,0.65,0.75,75.73,90.81,157.31,-120.48,-1.31,-60.31,1.8,1.8,15.08,0,109,85.83690987,48,48,48,48,50,40,18.675,0.699297111,14.5,60,0,0,
M10_JS_A1_C05,NHP,PFC,N/A,N/A,NaN,NaN,NaN,NaN,NaN,NaN,0.05,214.36,225.2767234,193.7322692,-75.41075792,13.06,284.76,NaN,NaN,NaN,NaN,NaN,NaN,NaN,NaN,0,60,1,1.333333333,2,4,10,0,NaN,NaN,91.95,NaN,NaN,NaN,NaN,NaN,29.45,-42.62,1.1,1.2,72.07,84.29,142.4,-60.5,-2.35,-54.84,4.45,4.45,NaN,0,9,NaN,2,2.666666667,4,8,20,20,NaN,1,33.85,80,0,0,
M10_JS_A1_C07,NHP,PFC,N/A,N/A,NaN,NaN,NaN,NaN,NaN,NaN,0.05,181.13,188.6881601,146.6068125,-76.52859117,21.93,297.93,-110,-97.5,0,1.06,4.55,-92.94,1.05,-76.05281089,0,160,1,1.333333333,2,4,10,0,NaN,NaN,57.4,NaN,NaN,NaN,NaN,NaN,27.74,-40.5,1.15,1.35,68.25,82.52,134.21,-54.44,-2.47,-54.78,4.95,17.1,NaN,0,2,NaN,2,2.666666667,4,8,20,20,NaN,0.512820513,30,220,0,0,
M10_JS_A1_C08,NHP,PFC,N/A,N/A,NaN,NaN,NaN,NaN,A,NaN,0.05,216.78,232.5195089,160.9619171,-76.30744605,23.63,118.65,-90,-97.65,0,2.7,6.11,-91.55,1.07,-74.46637945,0,90,1,1.333333333,2,4,10,0,NaN,NaN,67.05,NaN,NaN,NaN,NaN,NaN,21.28,-36.49,1,1.15,57.77,71.69,101.42,-62.68,-1.62,-50.4,3.65,3.65,NaN,0,3,NaN,1,1.333333333,2,4,10,20,NaN,NaN,36.55,120,0,0,
M10_JS_A1_C09,NHP,PFC,N/A,N/A,NaN,NaN,NaN,NaN,NaN,NaN,0.05,228.92,243.0383836,206.7695836,-63.14970396,19.5,158.68,-90,-86.44,0,0.33,3.67,-82.78,1.04,-61.94459484,0,90,22,22.66666667,22,16,10,20,0.73,67.95,32.15,0.34,-0.02,0.41,0.95,0,28.52,-31.6,0.45,0.55,60.12,84.51,126.42,-143.88,-0.88,-55.99,1.2,1.2,24.39,0,121,98.03921569,50,49.33333333,48,44,40,40,20.25,0.970222563,19.35,120,0,0,
M10_JS_A1_C11,NHP,PFC,N/A,N/A,NaN,NaN,NaN,NaN,NaN,NaN,0.05,211.74,240.5887383,202.050095,-72.50755332,19.14,261.47,-90,-92.99,0,1.1,3.5,-89.5,1.04,-70.75252865,0,70,1,1.333333333,2,4,10,0,NaN,NaN,71.15,NaN,NaN,NaN,NaN,NaN,35.88,-49.21,1.2,1.25,85.09,88.94,174.3,-57.78,-3.02,-53.06,4.7,118.65,NaN,0,4,NaN,3,4,6,12,30,20,36.75,0.719727891,26.45,110,0,0,
M10_JS_A1_C13,NHP,PFC,N/A,N/A,NaN,NaN,NaN,NaN,NaN,NaN,0.05,255.06,248.8094228,170.1884738,-66.58622129,12.24,44.1,-90,-90.3,0,4.49,6.6,-83.7,1.08,-67.32010039,0,90,33,37.33333333,38,36,30,0,2.1,19.95,54,0.11,0.01,1.41,1.2,0,13.22,-30.54,0.35,0.55,43.76,70.51,90.33,-126.89,-0.71,-57.29,1,1,26.75,0,97,82.6446281,97,98.66666667,100,100,100,100,10.05,0.792458599,8.1,130,0,0,
M10_JS_A1_C14,NHP,PFC,N/A,N/A,NaN,NaN,NaN,NaN,S,NaN,0.05,187.27,209.0635699,160.9431614,-75.43552503,16.96,166.25,-90,-93.51,0,1.76,4.49,-89.01,1.05,-74.07089092,0,90,3,4,6,8,10,0,0.63,128.7,81.2,0.57,NaN,NaN,0.89,NaN,25.35,-44.49,0.9,0.9,69.84,75.55,148.16,-77.46,-1.91,-50.2,2.7,24.5,NaN,0,8,15.96169194,8,10.66666667,16,20,30,20,24.675,0.628055804,35.05,130,0,0,
M10_JS_A1_C16,NHP,PFC,N/A,N/A,NaN,NaN,NaN,NaN,NaN,NaN,0.05,88.86,83.93704876,72.33732008,-79.64029151,19.45,NaN,-90,-87.8,0,0.25,1.6,-86.2,1.02,-79.51380036,0,230,1,1.333333333,2,4,0,0,NaN,NaN,134.65,NaN,NaN,NaN,NaN,NaN,47.72,-44.65,1.1,1.2,92.37,103.51,207.79,-73.7,-2.82,-55.79,5.05,96.35,NaN,0,1,NaN,1,1.333333333,2,4,10,20,NaN,NaN,46.4,310,0,0,
M10_JS_A1_C17,NHP,PFC,N/A,N/A,NaN,NaN,NaN,NaN,NaN,NaN,0.05,74.49,88.8190858,84.09217159,-73.15665383,21.65,NaN,-90,-80.61,0,0.25,0.93,-79.68,1.01,-72.10485045,0,150,3,2.666666667,4,4,0,0,0.41,367.38,150.85,0.3,NaN,NaN,0.98,NaN,37.43,-46.08,1.45,1.5,83.51,88.64,159.6,-52.53,-3.04,-51.21,4.9,119.2,NaN,0,14,10.62699256,10,10.66666667,12,12,20,0,52.225,0.552534819,55.1,230,0,0,
M10_JS_A1_C19,NHP,PFC,N/A,N/A,NaN,NaN,NaN,NaN,NaN,NaN,0.05,413.7,387.9692033,238.9507626,-56.81514671,23.08,115.8,NaN,NaN,NaN,NaN,NaN,NaN,NaN,NaN,0,80,1,1.333333333,2,4,10,20,NaN,NaN,16.65,NaN,NaN,NaN,NaN,NaN,22.04,-27.89,0.5,0.65,49.94,69.83,91.7,-111.82,-0.82,-47.79,1.3,1.3,19.9,0,3,NaN,1,1.333333333,2,4,10,20,NaN,NaN,10.55,120,0,0,
M10_JS_A1_C21,NHP,PFC,N/A,N/A,NaN,NaN,NaN,NaN,NaN,NaN,0.05,243.9,229.331987,139.4507539,-78.57784508,22.81,142.46,NaN,NaN,NaN,NaN,NaN,NaN,NaN,NaN,0,120,1,1.333333333,2,4,0,0,NaN,NaN,109.85,NaN,NaN,NaN,NaN,NaN,43.36,-36.07,1,1.05,79.43,90.19,172.09,-70.61,-2.44,-46.83,4.05,247.8,NaN,0,2,NaN,2,2.666666667,4,8,20,20,NaN,1.150887574,38.9,180,0,0,
M10_JS_A1_C22,NHP,PFC,N/A,N/A,NaN,NaN,NaN,NaN,NaN,NaN,0.05,334.19,345.6838382,265.9789944,-73.43753128,26.18,82.08,NaN,NaN,NaN,NaN,NaN,NaN,NaN,NaN,0,60,10,12,14,16,20,20,0.4,76.73,40.3,0.75,0.13,13.44,0.71,-0.01,20.44,-42.15,0.4,0.5,62.59,81.05,134.34,-140.69,-0.95,-60.6,1.2,1.2,18.45,0,129,106.3829787,38,40,42,44,50,60,11.8,0.911405506,23.8,80,0,0,
M10_JS_A1_C23,NHP,PFC,N/A,N/A,NaN,NaN,NaN,NaN,NaN,NaN,0.05,243.41,286.2938315,209.3496767,-65.51495354,25.86,175.53,NaN,NaN,NaN,NaN,NaN,NaN,NaN,NaN,0,40,1,1.333333333,2,0,0,0,NaN,NaN,251.2,NaN,NaN,NaN,NaN,NaN,38.37,-35.16,1.1,1.2,73.53,85.75,150.79,-62.07,-2.43,-47.38,4.75,207.05,NaN,0,23,NaN,4,5.333333333,8,16,20,0,39.375,1.520064856,62.5,60,0,0,
M10_JS_A1_C24,NHP,PFC,N/A,N/A,NaN,NaN,NaN,NaN,NaN,NaN,0.05,233.23,205.5500736,135.5607142,-69.16952025,26.78,NaN,NaN,NaN,NaN,NaN,NaN,NaN,NaN,NaN,0,60,1,1.333333333,2,4,0,0,NaN,NaN,208.2,NaN,NaN,NaN,NaN,NaN,35.67,-38.69,1.2,1.3,74.36,85.65,138.39,-64.44,-2.15,-49.97,3.55,120.65,NaN,0,8,NaN,2,2.666666667,2,4,10,0,NaN,0.202339444,89.95,80,0,0,
M10_JS_A1_C25,NHP,PFC,N/A,N/A,NaN,NaN,NaN,NaN,NaN,NaN,0.05,152.37,193.109798,169.5078077,-75.26859996,29.9,NaN,NaN,NaN,NaN,NaN,NaN,NaN,NaN,NaN,0,100,1,1.333333333,2,4,0,0,NaN,NaN,114.1,NaN,NaN,NaN,NaN,NaN,30.06,-42.39,1.6,1.75,72.45,84.14,124.54,-48.63,-2.56,-54.08,5.05,50.2,NaN,0,2,NaN,1,1.333333333,2,4,10,0,NaN,NaN,54.6,140,0,0,
M10_JS_A1_C26,NHP,PFC,N/A,N/A,NaN,NaN,NaN,NaN,NaN,NaN,0.05,292.29,357.6950302,286.4163993,-67.80167579,45.8,93.57,NaN,NaN,NaN,NaN,NaN,NaN,NaN,NaN,0,60,29,30.66666667,32,32,30,20,1.08,20.45,36.4,0.16,0.01,2.05,0.88,0,20.61,-40.18,0.55,0.6,60.79,80.99,128.67,-125.2,-1.03,-60.38,1.45,1.45,20.2,0,93,74.34944238,41,42.66666667,44,44,50,40,15.1,1.044282187,24.85,80,0,0,
M10_JS_A1_C32,NHP,PFC,N/A,N/A,NaN,NaN,NaN,NaN,NaN,NaN,0.05,154.11,169.5260505,137.0896789,-75.30393681,23.13,NaN,-70,-88.41,0,1.59,3.39,-85.02,1.04,-75.91354071,0,130,1,1.333333333,2,4,0,0,NaN,NaN,134.9,NaN,NaN,NaN,NaN,NaN,35.74,-39.79,1.15,1.25,75.53,86.85,143.66,-68.95,-2.08,-51.12,5.05,55.6,NaN,0,17,NaN,2,2.666666667,4,8,20,20,NaN,0.863221884,28.4,210,0,0,
M10_SA_A1_C01,NHP,PFC,N/A,N/A,NaN,NaN,NaN,NaN,NaN,NaN,0.05,303.65,292.2295523,269.3800238,-75.27205983,29.75,NaN,NaN,NaN,NaN,NaN,NaN,NaN,NaN,NaN,0,130,1,1.333333333,2,4,10,0,NaN,NaN,71.75,NaN,NaN,NaN,NaN,NaN,31.15,-31.79,0.9,1.1,62.93,82.55,123.62,-74.74,-1.65,-51.41,3.35,3.35,NaN,0,37,NaN,6,8,12,24,30,40,28.75,0.482133473,18.35,190,0,0,
M10_SA_A1_C02,NHP,PFC,N/A,N/A,NaN,NaN,NaN,NaN,NaN,NaN,0.05,151.64,167.7448531,143.8428072,-73.10035641,12.5,NaN,NaN,NaN,NaN,NaN,NaN,NaN,NaN,NaN,0,165,2,2.666666667,4,8,20,40,1.2,NaN,16.1,0,NaN,NaN,0.94,NaN,17.17,-41.1,0.35,0.45,58.28,81.64,118.65,-149.8,-0.79,-64.47,0.9,0.9,23.37,0,183,157.480315,113,114.6666667,116,116,120,120,6.5,0.766151507,6.75,255,0,0,
M10_SA_A1_C07,NHP,PFC,N/A,N/A,NaN,NaN,NaN,NaN,NaN,NaN,0.05,191.28,208.6291295,193.0643099,-74.88920636,18.15,161.28,NaN,NaN,NaN,NaN,NaN,NaN,NaN,NaN,0,100,1,1.333333333,2,4,10,20,NaN,NaN,26.4,NaN,NaN,NaN,NaN,NaN,17.93,-46.82,0.4,0.45,64.75,85.8,135.97,-158.51,-0.86,-67.87,0.95,0.95,21.05,0,133,NaN,77,78.66666667,80,80,80,80,11.875,0.888684641,11.45,150,0,0,
M10_SA_A1_C08,NHP,PFC,N/A,N/A,NaN,NaN,NaN,NaN,NaN,NaN,0.05,317.32,328.6899777,200.6202727,-73.89554336,13.57,102.85,-70,-98.12,0,4.17,8.71,-89.42,1.1,-73.35732564,0,55,34,33.33333333,34,32,30,20,1.08,28.48,31.35,0.07,0,1,0.99,0,7.4,-42.39,0.45,0.55,49.79,75.49,97.22,-124.73,-0.78,-68.09,1.3,1.3,25.7,0,160,137.9310345,58,57.33333333,58,56,60,60,16.225,0.995798965,17.05,80,0,0,
M10_SA_A1_C11,NHP,PFC,N/A,N/A,NaN,NaN,NaN,NaN,NaN,NaN,0.05,NaN,133.2798421,127.7700458,-75.22258869,NaN,NaN,NaN,NaN,NaN,NaN,NaN,NaN,NaN,NaN,0,120,1,1.333333333,2,4,0,0,NaN,NaN,114.8,NaN,NaN,NaN,NaN,NaN,40.12,-42.26,1.2,1.35,82.38,95.6,164.19,-68.88,-2.38,-55.48,5.05,33.35,NaN,0,16,NaN,3,4,6,8,10,0,216.275,0.297537857,64.35,160,0,0,
