X1,X2,labels,IDs,Var5
0.067284991,-0.509401929,spiny mouse,313860745,
0.203173998,5.813394655,PV/FS,313861411,
1.193920631,6.914369602,PV/FS,313861539,
-0.92192766,-2.804075976,spiny mouse,313861677,
-0.018394015,-3.428728952,spiny mouse,313861794,
-4.377649428,-0.99538709,spiny mouse,313861828,
0.539838231,-3.640369754,spiny mouse,313861934,
0.208873487,-2.578221093,spiny mouse,313862022,
0.836758215,3.09404604,PV/FS,313862134,
0.767631832,3.005590671,PV/FS,313862167,
0.862728508,1.847205444,SST/adap,313862274,
1.511850879,2.16012484,SST/adap,313862306,
-2.110084969,-2.09797489,spiny mouse,314529406,
-1.739247586,-1.891304296,spiny mouse,314617802,
-1.558633949,-1.810962279,spiny mouse,314642645,
-2.940477083,-3.952501778,spiny mouse,314800874,
0.580382252,-1.008437728,spiny mouse,314800921,
-0.613925987,-2.686372159,spiny mouse,314804042,
1.219720849,-2.846666357,spiny mouse,314822529,
-2.033438224,-3.323128376,spiny mouse,314831019,
2.777182353,-2.631971707,spiny mouse,314857059,
1.42420023,0.951765566,spiny mouse,314900022,
-0.016288963,5.695237586,PV/FS,318331264,
1.356483037,6.581208368,PV/FS,318522838,
-0.601116573,5.613234795,PV/FS,318553131,
0.952235742,5.916966365,PV/FS,318556138,
2.927860962,-2.48706651,spiny mouse,318733871,
-0.852919864,-1.058664667,spiny mouse,318808427,
1.256367591,-2.751772277,spiny mouse,320207387,
1.503214644,6.714452173,PV/FS,320247631,
1.267428024,7.601336849,PV/FS,320421014,
0.947382907,5.377051387,PV/FS,320455763,
0.891356933,5.601184826,PV/FS,320466776,
1.299267104,7.559371348,PV/FS,320466871,
1.617897779,-3.121774044,spiny mouse,320639930,
-2.035196325,-2.873482227,spiny mouse,320668841,
-0.857394599,-3.358503217,spiny mouse,320668879,
-1.71449083,-4.156567829,spiny mouse,320836481,
0.883355182,-2.312867849,spiny mouse,320880293,
-2.44494549,-3.890753824,spiny mouse,321013314,
0.924134585,5.598980404,PV/FS,321019600,
1.396116842,6.46774104,PV/FS,321023397,
0.451943976,5.553264998,PV/FS,321704734,
1.131507667,6.82445663,PV/FS,321707833,
-0.161190497,7.021420219,PV/FS,321707905,
1.234018778,6.489356508,PV/FS,321708130,
-1.235936811,-2.310237087,spiny mouse,321893798,
-1.446331551,-1.63587829,spiny mouse,321906005,
-0.687872202,-1.306267843,spiny mouse,321923492,
4.54341667,2.568937609,IR/VIP,322197160,
3.21155751,-1.672636996,SST/adap,322197295,
3.083414984,-2.383136583,SST/adap,322246422,
0.727491288,1.211610318,spiny mouse,322274121,
-1.05622835,-2.675904083,spiny mouse,322297406,
0.704696044,2.491420294,SST/adap,322500634,
1.495834927,2.006222538,SST/adap,322507839,
2.082232717,0.830703283,SST/adap,322515253,
0.760461032,6.112892729,PV/FS,322520586,
0.793752481,2.942641367,SST/adap,322536988,
-0.59322973,-2.771026867,spiny mouse,322723785,
-1.550435853,-1.830119053,spiny mouse,322761772,
0.013872638,-2.22332473,spiny mouse,322762730,
-2.469148097,-2.421995927,spiny mouse,322781822,
1.018520124,5.953036726,PV/FS,323452196,
1.562242554,-0.333134401,SST/adap,323475862,
3.110359448,-1.568290972,SST/adap,323501938,
1.057359542,6.28103056,PV/FS,323523338,
4.326003796,2.797462592,IR/VIP,323535089,
1.154472643,6.946738278,PV/FS,323540736,
-0.785829045,-1.184679455,spiny mouse,323777372,
-1.029790321,-1.070187928,spiny mouse,323788096,
0.936597029,1.6403407,SST/adap,323834998,
-0.726976332,-2.292008662,spiny mouse,323838579,
-1.035637291,-1.897512329,spiny mouse,323865917,
-1.874110526,-2.109406546,spiny mouse,324025297,
-0.591234289,-1.424906507,spiny mouse,324025371,
-1.387491193,-1.586640982,spiny mouse,324032509,
-1.986317658,-4.233817591,spiny mouse,324053519,
0.256067572,-3.195324548,spiny mouse,324053705,
-0.520210745,-0.642562817,spiny mouse,324065524,
2.109869023,0.60942299,SST/adap,324256803,
0.70533416,1.82821586,IR/VIP,324257146,
0.63717219,1.678359441,SST/adap,324266146,
0.875593879,2.329979406,SST/adap,324266189,
2.112726768,0.548253396,SST/adap,324466628,
-0.538876683,-1.183555618,SST/adap,324466858,
0.74642049,2.685509055,SST/adap,324493977,
-2.048645448,-2.108348582,spiny mouse,324521027,
0.753270366,2.069653729,SST/adap,324522388,
-2.615968858,-4.91299435,spiny mouse,325464516,
-2.30707191,-2.491813571,spiny mouse,325479788,
-1.19419003,-3.714467965,spiny mouse,325480372,
-2.36653564,-4.491018533,spiny mouse,325815086,
-2.160954162,-3.917077062,spiny mouse,325853048,
-4.327102812,-2.569920521,spiny mouse,325903081,
-0.907396435,-3.517534117,spiny mouse,325941643,
-0.374951668,-2.219931408,spiny mouse,326508751,
-4.423066881,-0.945866022,LS/Neurogliaform,326734770,
2.019838257,-0.129189646,IR/VIP,326774520,
-0.708301771,0.347068258,IR/VIP,326786924,
4.051422208,2.363757733,IR/VIP,327566447,
3.602828302,2.105134625,IR/VIP,327644217,
-4.797871428,-2.024815076,LS/Neurogliaform,327648537,
-4.867490813,-1.473145182,LS/Neurogliaform,327679841,
-0.431386576,0.804076541,IR/VIP,327706437,
-0.447456538,0.829965639,IR/VIP,327962063,
-4.716662852,-1.46053433,LS/Neurogliaform,327997484,
0.475001091,1.361800496,SST/adap,328015342,
0.999610919,2.625096751,SST/adap,328031983,
3.90470044,2.482178759,IR/VIP,328093618,
0.759471839,0.999971603,SST/adap,328535908,
3.148050318,-1.833482364,SST/adap,328549885,
1.98741508,0.546642421,SST/adap,328876201,
-3.982583815,-0.860068178,SST/adap,328954223,
2.574530249,1.340937645,SST/adap,329224678,
3.913352039,2.455748472,SST/adap,329241587,
1.270670224,5.218173686,SST/adap,329254830,
0.579041119,4.893044755,PV/FS,329322109,
0.407632915,-3.025812963,spiny mouse,329549957,
-0.268923405,-3.754298093,spiny mouse,329550277,
1.199561447,-0.749479088,spiny mouse,329554392,
0.09856243,-3.607507486,spiny mouse,329557305,
1.672079204,7.05826322,PV/FS,330154280,
0.419805578,5.724413246,PV/FS,333604946,
1.685069123,7.018587342,IR/VIP,333785962,
4.27993917,3.057088174,PV/FS,336676216,
-0.277613391,5.785745787,PV/FS,341016267,
-0.47692336,6.708115646,PV/FS,341442651,
0.021885795,6.907863223,PV/FS,341459814,
-1.445404535,-1.940125489,spiny mouse,349593629,
0.56936473,-2.341966354,spiny mouse,349621141,
-1.34526838,-3.842746491,spiny mouse,354190013,
4.609787835,1.088333205,spiny mouse,354833767,
-1.299957528,-1.886330454,spiny mouse,356237593,
0.052950036,-2.759228213,spiny mouse,367567889,
-0.943543989,-2.293983135,spiny mouse,369697038,
-1.363343321,-1.857737056,spiny mouse,370351753,
-1.143822896,-1.350086602,spiny mouse,382982932,
-1.245238125,-1.226018364,spiny mouse,385492488,
-1.231662363,-2.58482715,spiny mouse,386049446,
-1.741394306,-1.933880449,spiny mouse,386970660,
1.991409035,-0.668641434,SST/adap,388874977,
-1.553011704,-4.673219572,spiny mouse,395785266,
-1.746284591,-2.144671195,spiny mouse,395830185,
-2.014496307,-1.954209511,spiny mouse,395851985,
0.266178755,7.464734062,PV/FS,396274594,
0.78273979,5.820234741,PV/FS,396369826,
1.389005446,6.323632266,PV/FS,396608557,
1.296706128,7.054597205,PV/FS,396650742,
0.809292575,5.899700733,PV/FS,396652279,
0.254077862,7.351181841,PV/FS,396687610,
0.382030181,-2.126375353,spiny mouse,396903166,
0.398262599,-1.490374786,spiny mouse,396903227,
1.48666277,2.157823978,SST/adap,396939115,
1.275737691,6.989797832,PV/FS,396963717,
0.935938003,2.415997018,SST/adap,396968721,
1.483156667,6.54537197,PV/FS,397129612,
1.557125276,7.202819115,PV/FS,397220859,
1.164061915,6.728337844,PV/FS,397243949,
-4.800782587,-1.410230709,LS/Neurogliaform,397248752,
0.796853014,-2.238315066,spiny mouse,397345294,
0.642595831,-2.905929018,spiny mouse,397348126,
-1.417685253,-1.645622451,spiny mouse,397351623,
0.857054144,-2.643212439,spiny mouse,397353539,
-0.645819082,-1.28173502,spiny mouse,397354239,
-2.616792116,-4.188879759,spiny mouse,422055317,
-1.459418999,-1.81778628,spiny mouse,422738880,
-3.99882261,-1.122121539,LS/Neurogliaform,439372920,
-4.878456094,-1.486356042,LS/Neurogliaform,441000782,
-1.726442748,-2.247854239,spiny mouse,464079491,
-4.709250379,-2.106193421,LS/Neurogliaform,464188580,
3.531928749,2.13943673,IR/VIP,464191630,
1.120812954,1.808902049,IR/VIP,464198958,
1.059854915,2.221221511,SST/adap,464212183,
-0.231395043,5.723305351,PV/FS,464290292,
-1.022641735,-3.547715016,spiny mouse,464326158,
1.551869693,6.53396422,PV/FS,464368713,
2.895157099,-2.635949342,spiny mouse,465924786,
1.259318325,7.532973396,PV/FS,466114829,
1.327369538,5.873096666,PV/FS,466245544,
1.038827363,1.595473191,IR/VIP,466271455,
-1.494210664,-1.355539813,spiny mouse,466378900,
0.173489848,-3.200526018,spiny mouse,466431949,
0.026151817,-2.251610693,spiny mouse,466632464,
0.872149118,1.520348473,SST/adap,466664172,
0.718738742,-0.399214256,SST/adap,466705337,
-0.732314771,-2.650699945,spiny mouse,466800233,
-2.839696583,-3.792687441,spiny mouse,466827702,
3.063930194,-2.482860168,spiny mouse,467003163,
-0.771980043,-3.698604719,spiny mouse,467357834,
-1.943329834,-2.479489903,spiny mouse,467703703,
-1.008144212,-4.534116529,spiny mouse,467831649,
-2.912877968,-3.771250409,spiny mouse,468054671,
0.081213663,-3.071369171,spiny mouse,468120757,
0.770057049,-2.477662204,spiny mouse,468193142,
0.937824957,5.729544216,PV/FS,469610831,
0.91869617,5.628726986,PV/FS,469614747,
-1.677964907,-1.535066907,spiny mouse,469661756,
4.646502915,1.078112357,spiny mouse,469704261,
-1.348040637,-1.430559861,spiny mouse,469720505,
2.820203822,-2.710191084,spiny mouse,469734859,
-4.856023727,-1.786377033,LS/Neurogliaform,469753383,
-1.683703376,-4.737135506,spiny mouse,469761118,
-1.008858858,-2.210851829,spiny mouse,469763389,
-2.906492059,-3.840577279,spiny mouse,469798159,
-1.619768648,-1.523026405,spiny mouse,469800845,
1.472516994,6.574870015,PV/FS,469801138,
1.084838113,6.223919593,PV/FS,469801569,
-1.482898522,-1.827552347,spiny mouse,469803003,
4.641263726,1.176143814,spiny mouse,469832490,
-1.291226198,-0.731135221,spiny mouse,469864405,
1.611426107,6.909881599,PV/FS,470062597,
-1.421225811,-2.001752362,spiny mouse,470098860,
-0.670220742,-1.307862225,SST/adap,470581375,
0.51947734,5.678003704,PV/FS,471077468,
1.516032303,7.162114863,PV/FS,471085676,
1.649525111,6.973635579,PV/FS,471087830,
0.43890505,-3.390690013,spiny mouse,471129934,
-0.074440062,-0.901974975,spiny mouse,471131311,
-3.485984813,-2.432627266,spiny mouse,471141261,
-1.989466839,-2.652534618,spiny mouse,471410185,
1.60854074,-1.548638882,spiny mouse,471758398,
-0.354863777,-4.295195869,spiny mouse,471767045,
-0.079208276,-2.811885885,spiny mouse,471786879,
2.962307599,-2.567843385,spiny mouse,471819401,
4.183841086,2.895530977,PV/FS,472517038,
3.754781762,2.519866897,SST/adap,473011949,
-2.194913699,-2.400242013,spiny mouse,473020156,
-2.77660211,-4.060329982,spiny mouse,473111617,
1.039100853,2.520300944,SST/adap,473540161,
0.858584432,2.788147051,SST/adap,473543792,
2.026156441,0.847412046,SST/adap,473564515,
2.590736659,1.374675659,SST/adap,473593847,
0.121928432,-1.052485142,spiny mouse,473601979,
4.677895313,1.003619498,spiny mouse,473611755,
4.527038231,2.266889415,SST/adap,473909767,
-4.794319635,-1.447612448,LS/Neurogliaform,473943881,
-0.66224921,1.340704125,IR/VIP,473974547,
-0.302403348,0.83133363,IR/VIP,474267418,
-4.517424456,-1.165111968,LS/Neurogliaform,474283475,
1.162678302,-2.710057675,IR/VIP,474637203,
0.595943433,-2.89684693,LS/Neurogliaform,474652473,
4.346656237,1.925771602,IR/VIP,474660482,
1.551005976,0.980821264,SST/adap,475029659,
2.954340533,-1.14717999,SST/adap,475047891,
0.753492352,1.731187712,SST/adap,475049291,
0.682087526,1.616221048,SST/adap,475057898,
0.804065893,1.778028925,SST/adap,475068599,
0.61594914,3.756261581,PV/FS,475132727,
0.965549954,-0.549500071,SST/adap,475202388,
1.243843753,-2.553944288,spiny mouse,475330208,
-2.144392632,-4.363103721,spiny mouse,475400072,
0.825600256,2.483624447,SST/adap,475465708,
1.257461048,7.004400091,PV/FS,475512108,
0.680263801,1.775814443,SST/adap,475517090,
1.67977702,1.040418172,SST/adap,475517157,
2.079267276,-0.009363072,SST/adap,475542743,
2.077933074,0.785158396,SST/adap,475542907,
0.211011132,5.951339285,PV/FS,475549284,
1.410322421,7.469236811,PV/FS,475549334,
1.44167346,6.344987315,PV/FS,475550148,
0.808603961,3.250513436,PV/FS,475580568,
-0.595537806,0.539689126,IR/VIP,475585413,
1.200721807,0.895346973,SST/adap,475585451,
4.062866501,2.54463893,SST/adap,475586130,
3.566372676,2.192214445,IR/VIP,475619045,
-0.817275271,0.169256336,LS/Neurogliaform,475619177,
-0.3109689,0.794923829,IR/VIP,475622680,
1.68370867,-0.944190591,IR/VIP,475622793,
4.379067234,1.996234331,IR/VIP,475625477,
2.068567182,0.56075865,SST/adap,475740357,
-1.997358829,-3.893450645,spiny mouse,475744706,
-2.43481023,-4.047826546,spiny mouse,475751758,
0.834519203,-2.581133316,spiny mouse,475838754,
-1.254189798,-1.002531455,spiny mouse,475848827,
-0.580703428,5.744979769,PV/FS,475888653,
0.170675244,6.187247618,PV/FS,475892238,
0.905783564,5.361366089,PV/FS,475895240,
-1.956555853,-4.733684446,spiny mouse,476048909,
0.472035342,-2.215286286,spiny mouse,476049169,
-1.078761135,-2.853023832,spiny mouse,476051620,
-0.838033658,-2.849911155,spiny mouse,476053392,
-1.055964291,-1.731523201,spiny mouse,476054829,
-1.712757493,-3.710885437,spiny mouse,476056333,
4.609836403,1.211650233,spiny mouse,476086391,
3.074075987,-1.819832814,IR/VIP,476093220,
1.39522135,1.082166933,IR/VIP,476099282,
2.3534292,-1.14303514,SST/adap,476100382,
0.925344888,6.144347147,PV/FS,476104386,
-2.838476874,-2.625998093,spiny mouse,476129135,
-1.514771376,-1.257725902,spiny mouse,476131588,
-0.465330848,-3.890377374,spiny mouse,476135066,
0.323210036,-1.105521555,spiny mouse,476144118,
-0.681214237,-2.896255864,spiny mouse,476178907,
0.282464884,-2.41410381,spiny mouse,476198393,
2.747009515,-2.605079148,spiny mouse,476216637,
-1.060534569,-4.226989458,spiny mouse,476218657,
-0.370275887,-2.514003429,spiny mouse,476263004,
-0.208444154,-3.023239576,spiny mouse,476266853,
-0.132428002,-3.726652053,spiny mouse,476269122,
-2.506093432,-3.177683387,spiny mouse,476451456,
-1.524035782,-1.755452704,spiny mouse,476452460,
-0.950097535,-2.584730404,spiny mouse,476457450,
0.996786864,-2.523475918,spiny mouse,476525478,
0.315295993,-3.643518089,spiny mouse,476557750,
-1.200051881,-2.743195247,spiny mouse,476562817,
-1.335396764,-3.666266457,LS/Neurogliaform,476615310,
-2.255856346,-3.377158505,spiny mouse,476616076,
-2.172040157,-2.330468802,spiny mouse,476619123,
0.60102202,1.523334717,SST/adap,476686112,
3.149184442,-1.42705487,SST/adap,476741830,
1.00624238,2.251762721,SST/adap,476753465,
1.287352698,2.298715391,SST/adap,476754635,
0.658126595,-2.949082073,spiny mouse,476823462,
-0.520799364,-1.118517179,spiny mouse,477127614,
4.758195448,1.271946927,spiny mouse,477129850,
-1.624722977,-2.133239525,spiny mouse,477135941,
-4.232247771,-1.755967244,LS/Neurogliaform,477278032,
-0.51184135,6.799061863,PV/FS,477490421,
-2.364044324,-3.71370952,spiny mouse,477564985,
0.314699154,-3.269915811,LS/Neurogliaform,477879512,
3.622040027,2.310611612,SST/adap,477880128,
-4.09585724,-1.15415233,LS/Neurogliaform,477991293,
-0.602536406,5.973490453,PV/FS,478058328,
-3.92418285,-1.891059551,LS/Neurogliaform,478107198,
-0.085649463,1.141181472,IR/VIP,478110866,
-0.259019941,0.769805777,IR/VIP,478111731,
0.841666268,1.716696076,SST/adap,478396248,
1.188092902,2.496454261,SST/adap,478412623,
-0.786376235,-0.80273077,spiny mouse,478439166,
0.862566619,-2.186007513,spiny mouse,478447600,
-1.339708897,-1.621416318,spiny mouse,478498617,
-0.948871928,-2.591420713,spiny mouse,478499902,
-0.615473944,-2.904179023,spiny mouse,478500297,
1.040241877,-2.269099593,spiny mouse,478586295,
-0.996701951,-0.858175152,spiny mouse,478586425,
-2.430049622,-4.553393022,spiny mouse,478588073,
0.791296875,2.234192198,SST/adap,478716304,
1.068418443,5.7145087,PV/FS,478795872,
-1.609223765,-3.968087261,spiny mouse,478888052,
0.714597563,2.226076618,SST/adap,478888083,
1.550344828,6.92696842,PV/FS,478891084,
-1.085673405,-1.497384983,spiny mouse,478892782,
-0.218614565,5.652671371,PV/FS,478949560,
-0.613190573,5.580539936,PV/FS,478958894,
-2.580399436,-5.236677935,spiny mouse,479010903,
-1.556377421,-1.517587975,spiny mouse,479015224,
0.821837862,-3.500408147,spiny mouse,479091820,
0.734109509,0.901933781,SST/adap,479107488,
0.673269258,0.217668106,spiny mouse,479150681,
-1.677959954,-2.757627045,spiny mouse,479179020,
1.431096336,2.185211182,IR/VIP,479219923,
-4.063593194,-1.362482445,LS/Neurogliaform,479220013,
0.161236164,-2.002339143,spiny mouse,479225052,
-1.909611587,-2.277820531,spiny mouse,479225080,
1.154979943,6.001232296,PV/FS,479225274,
-0.649534498,-1.883852497,spiny mouse,479225294,
-2.633778143,-3.545764564,spiny mouse,479298821,
0.241901119,6.50552205,PV/FS,479298854,
-3.521977573,-0.903377196,spiny mouse,479303890,
-1.586590598,-1.711164974,spiny mouse,479492633,
-2.613110604,-2.737452516,spiny mouse,479492800,
-1.819512757,-4.589243278,spiny mouse,479508018,
-2.639255833,-5.269673784,spiny mouse,479704527,
-0.552479962,-3.710075358,spiny mouse,479711015,
-1.987361712,-4.822079402,spiny mouse,479721491,
-0.110562201,-1.776218827,spiny mouse,479722622,
-1.936220724,-2.457397138,spiny mouse,479728896,
2.823768431,-2.612672287,spiny mouse,479766169,
-1.315064957,-3.092112127,spiny mouse,479770916,
-2.427994759,-4.149735069,IR/VIP,479771670,
-0.623146237,6.853764493,PV/FS,479772774,
3.094786179,-1.378615647,IR/VIP,479897420,
2.708471225,-2.765507385,spiny mouse,479993900,
-0.465143187,-4.122390797,spiny mouse,480003970,
-0.630624548,-4.393078605,spiny mouse,480008325,
0.054068345,5.846904593,PV/FS,480011594,
-1.050386465,-2.570144208,spiny mouse,480090260,
0.502725386,-1.415387511,spiny mouse,480116737,
-1.791196239,-2.180178303,spiny mouse,480121089,
-2.322785025,-4.042219499,spiny mouse,480122859,
2.796990859,-2.507201969,spiny mouse,480124551,
0.483687609,-3.084235977,spiny mouse,480169178,
-3.037142036,-2.485268986,spiny mouse,480169202,
1.292357979,7.61285248,PV/FS,480171348,
-2.435618228,-3.282355623,spiny mouse,480171386,
1.114027238,1.527768837,SST/adap,480183339,
2.771055673,-1.386227428,SST/adap,480187546,
-2.42865822,-2.837508958,spiny mouse,480266505,
-1.400237719,-1.307614108,spiny mouse,480268803,
-2.397114206,-4.972992261,spiny mouse,480273887,
-0.910256346,-2.510569735,spiny mouse,480351780,
-1.850209602,-4.09601155,spiny mouse,480353286,
-1.99104293,-3.806687818,spiny mouse,480364000,
-0.444704714,6.719390991,PV/FS,480640846,
-0.95056368,-2.788089503,spiny mouse,480643417,
-1.535995974,-1.473586098,spiny mouse,480647923,
0.697034567,-2.410808788,spiny mouse,480648382,
0.820305464,-1.369222701,spiny mouse,480705931,
0.36156482,6.18649344,PV/FS,480714960,
0.015653367,-1.74474159,spiny mouse,480718588,
1.462473408,6.360448722,PV/FS,480735016,
-2.021243603,-2.073588205,spiny mouse,480778441,
-4.415277314,-2.475590637,spiny mouse,480792667,
-0.247679681,-3.893570363,spiny mouse,480798873,
0.287296884,7.42588095,PV/FS,480952106,
-0.621953521,6.802194382,PV/FS,480963429,
1.312443278,1.032815386,SST/adap,481001895,
3.096456317,-2.324093956,IR/VIP,481003593,
-4.767761697,-1.396732269,LS/Neurogliaform,481003643,
-4.819442421,-1.317164994,LS/Neurogliaform,481004298,
-0.02643237,6.503062708,PV/FS,481018305,
0.249828179,6.47248562,PV/FS,481049269,
-4.696200617,-2.009993768,LS/Neurogliaform,481093098,
0.303510164,7.396143827,PV/FS,481093525,
0.490355643,5.72861863,PV/FS,481099415,
1.132314318,6.794372801,PV/FS,481099785,
1.051455822,6.072413043,PV/FS,481127173,
1.191095024,5.931826039,PV/FS,481127348,
1.592183553,7.17415329,PV/FS,481127932,
0.437137442,6.440881246,PV/FS,481136138,
0.31947914,-3.335094299,LS/Neurogliaform,481136214,
2.446800255,1.100971328,IR/VIP,482435718,
-0.553422978,6.772881809,PV/FS,482444444,
-0.391212623,5.800793484,PV/FS,482491330,
4.013044921,2.545030251,SST/adap,482493761,
0.459345523,-3.051159271,LS/Neurogliaform,482511164,
4.598205381,2.143988101,IR/VIP,482516216,
1.231213372,7.498143329,PV/FS,482516713,
-0.672897758,-3.602196642,LS/Neurogliaform,482521571,
0.845571964,6.545341154,PV/FS,482644550,
2.149514852,0.559939856,IR/VIP,482645063,
1.723035887,-1.711326718,IR/VIP,482654108,
-0.609456403,6.869728067,PV/FS,482658760,
1.312365142,5.782927116,PV/FS,482690728,
0.834341051,1.828573606,SST/adap,482692974,
-1.154345577,-2.618559862,spiny mouse,482726727,
2.559395161,0.491131608,IR/VIP,482726749,
2.227190969,2.184136938,SST/adap,482735425,
2.228260991,-0.340577193,SST/adap,482744155,
3.166746464,-1.518461591,IR/VIP,482764620,
-4.842579428,-1.803960503,LS/Neurogliaform,482773968,
0.998425947,6.557771168,PV/FS,482799345,
-0.175266852,-1.690015338,spiny mouse,482809953,
0.590893347,-3.784298129,spiny mouse,482905575,
-1.174210711,-2.321859737,spiny mouse,482910438,
0.800728275,-2.101386714,spiny mouse,483018019,
2.949222678,-2.606505251,spiny mouse,483019067,
-0.598195434,-2.462751326,spiny mouse,483020137,
-2.638748119,-5.291678539,spiny mouse,483024426,
-1.221072079,-1.985089077,spiny mouse,483027960,
0.973075578,-2.219064525,spiny mouse,483057325,
-0.813723421,-3.331828287,spiny mouse,483061182,
-3.52236946,-2.36694217,spiny mouse,483068687,
1.211745106,2.127947833,SST/adap,483083617,
-1.041447757,-3.922561902,spiny mouse,483092310,
-0.727079985,-3.046994413,spiny mouse,483099796,
-0.415276824,-4.082692429,spiny mouse,483101699,
-1.880959261,-3.999728089,spiny mouse,483109334,
0.863794674,6.452635383,PV/FS,483111429,
1.484223501,1.381428889,SST/adap,484457747,
-1.378475503,-1.348958671,spiny mouse,484509440,
0.322832367,-2.669549194,spiny mouse,484515166,
-0.425620022,-3.255549158,spiny mouse,484559000,
0.969737766,-2.612812742,spiny mouse,484564503,
0.68713851,2.489527971,SST/adap,484571248,
-0.583611663,6.767439643,PV/FS,484629749,
0.958377146,1.611629923,spiny mouse,484659182,
-1.545983379,-1.94650386,spiny mouse,484679812,
-2.469278678,-4.295009223,spiny mouse,484737013,
0.582195829,6.74250727,PV/FS,484742605,
-0.730026404,-1.539088572,spiny mouse,484770879,
-0.362397809,6.810787637,PV/FS,485048967,
1.04042291,6.6437421,PV/FS,485053941,
1.39048464,2.211563071,SST/adap,485058595,
-0.465495324,6.956656589,PV/FS,485060618,
1.044142216,5.65511842,PV/FS,485061364,
-1.441123668,-2.449914016,spiny mouse,485161419,
0.834246673,6.730597727,PV/FS,485182007,
4.633354816,1.315164318,spiny mouse,485182362,
-0.350199998,6.654328445,PV/FS,485184849,
1.011732367,6.339923465,PV/FS,485245025,
0.190390014,6.576779371,PV/FS,485253111,
3.859644339,2.376451546,SST/adap,485287282,
0.029718089,-2.779889253,spiny mouse,485287944,
-0.019226715,-2.773367578,spiny mouse,485288679,
2.907335478,-2.671886528,spiny mouse,485339983,
1.264128008,6.386585757,SST/adap,485455219,
4.380754478,2.655314001,IR/VIP,485455249,
4.299837625,2.639648708,IR/VIP,485455285,
1.885321607,0.956459018,SST/adap,485466109,
0.629513702,-0.638591098,spiny mouse,485468180,
-0.222109492,-0.684657605,spiny mouse,485490864,
-1.589955927,-1.291656433,spiny mouse,485570335,
-2.505943819,-4.351644086,spiny mouse,485574721,
-2.943179598,-2.545974715,spiny mouse,485574832,
0.789668149,-3.666687816,spiny mouse,485577686,
1.321275245,-2.645454664,spiny mouse,485578197,
4.83438563,1.112443589,spiny mouse,485579168,
-0.515535685,-3.256702591,spiny mouse,485608017,
-1.932525814,-2.818035652,spiny mouse,485610263,
-0.417533202,5.546723214,PV/FS,485630699,
1.549183905,7.144322208,PV/FS,485639243,
-1.000614856,-2.77971863,spiny mouse,485834744,
-0.220469032,-4.044474833,spiny mouse,485835016,
-0.146564783,-2.323405964,spiny mouse,485835055,
-0.287742184,-3.77760945,spiny mouse,485836906,
0.100379959,-1.448665019,spiny mouse,485837504,
-0.539018962,-4.42713589,spiny mouse,485838981,
-0.350328138,-2.247699664,spiny mouse,485880739,
-0.138916963,-3.017572907,spiny mouse,485884503,
-1.48337369,-1.256104862,spiny mouse,485887209,
-1.346569813,-1.910181452,spiny mouse,485889190,
1.425388594,7.340177818,PV/FS,485905391,
0.215489544,-2.827828769,spiny mouse,485905411,
-2.80927251,-4.223588397,spiny mouse,485909730,
-1.400905452,-3.416713821,spiny mouse,485911892,
-0.262091533,-0.771429086,spiny mouse,485911966,
-0.79953847,-2.84388782,spiny mouse,485912047,
2.768001368,-2.72376314,spiny mouse,485931158,
4.214619994,0.938800243,spiny mouse,485932822,
1.394733561,-3.062181478,spiny mouse,485934207,
0.905322246,-2.837144246,spiny mouse,485938494,
-0.31961497,-3.817914555,spiny mouse,485954440,
0.169046194,-2.848742042,spiny mouse,485955037,
-0.077146449,-3.711357402,spiny mouse,485955227,
0.314562907,-0.046934974,spiny mouse,485955982,
-0.094665015,-0.751811123,spiny mouse,485956826,
-1.833384846,-4.78870322,spiny mouse,485958978,
-0.245614216,-4.30765529,spiny mouse,486025194,
-1.064113082,-4.526370078,spiny mouse,486052980,
4.880907166,1.007902798,spiny mouse,486054618,
-1.395225996,-3.063484944,spiny mouse,486106720,
-0.895400039,-2.532995545,spiny mouse,486108147,
-0.073670699,-3.49491462,spiny mouse,486111903,
-0.343663895,-1.981274627,spiny mouse,486132712,
-2.073889134,-4.089516078,spiny mouse,486146717,
-2.031754301,-2.158904082,spiny mouse,486146828,
-2.57858286,-5.103422873,spiny mouse,486176465,
-0.883040376,-2.077986131,spiny mouse,486178939,
0.763050101,-1.343118149,spiny mouse,486191673,
-0.26169337,-3.624473608,spiny mouse,486196663,
0.944503678,-3.147776012,spiny mouse,486198953,
-2.591817687,-1.739188892,spiny mouse,486235288,
-0.007509793,-4.075184204,spiny mouse,486236426,
-1.561505213,-4.011220054,spiny mouse,486239338,
1.370514914,-1.417671194,spiny mouse,486246801,
0.533125999,-3.419350273,spiny mouse,486262299,
-1.224126222,-3.879529855,spiny mouse,486264574,
-0.018820465,-2.940383661,spiny mouse,486466923,
-1.01566815,-3.656582896,spiny mouse,486500736,
-0.780431014,-0.306164906,spiny mouse,486502127,
-0.193656842,-1.540560952,spiny mouse,486509644,
3.031961786,-2.636211825,spiny mouse,486510127,
1.645139716,7.086421974,PV/FS,486513293,
1.268241877,7.615854419,PV/FS,486514107,
2.317337897,0.240059357,IR/VIP,486557574,
-0.887151402,-3.401719946,spiny mouse,486560376,
-0.647365571,5.627702155,PV/FS,486755781,
-1.196660201,-4.050698917,spiny mouse,486776965,
1.140417511,6.893389967,PV/FS,486777819,
0.801394013,6.501107969,PV/FS,486783119,
2.353577847,0.226783108,IR/VIP,486875162,
-1.405085647,-1.306427337,spiny mouse,486893033,
-0.273968461,6.998611628,PV/FS,486896849,
3.929430638,2.488554784,SST/adap,486921382,
-4.771667254,-1.339529018,LS/Neurogliaform,486941367,
-1.213977468,-2.008357523,LS/Neurogliaform,487155664,
2.16153547,0.24405044,IR/VIP,487158599,
1.382843075,5.269329225,IR/VIP,487176969,
1.366100817,7.362674183,PV/FS,487306716,
-0.622071452,5.62242222,PV/FS,487323089,
-0.521150496,6.935757071,PV/FS,487352877,
-0.958492667,-2.34568011,spiny mouse,487353993,
-1.248008484,-4.667300755,spiny mouse,487358945,
0.265714008,7.272336885,PV/FS,487359276,
0.797050244,5.586903556,PV/FS,487405644,
-0.042630891,-2.6096438,spiny mouse,487445455,
0.914557429,-3.448981119,spiny mouse,487446992,
-1.448690203,-3.861712111,spiny mouse,487447111,
1.446954574,7.213599543,PV/FS,487537399,
1.036196683,5.35089544,PV/FS,487594856,
-2.645641652,-5.297295074,spiny mouse,487601493,
1.207766678,6.726906266,PV/FS,487640196,
-1.466914049,-4.12395339,spiny mouse,487661754,
-0.310455075,-1.981309814,spiny mouse,487663469,
-1.443800985,-2.053664229,spiny mouse,487664070,
1.073838747,-1.852815859,spiny mouse,487664663,
1.214257065,6.168046232,PV/FS,487667205,
-2.313099317,-4.365115968,spiny mouse,488117124,
1.35169499,6.276849184,PV/FS,488230133,
4.787852184,1.07071637,spiny mouse,488359338,
4.843146232,0.956149726,spiny mouse,488380827,
-0.157096663,-2.258085124,spiny mouse,488419491,
-1.22033208,-1.917699629,spiny mouse,488420599,
0.724058956,-2.867706685,spiny mouse,488426904,
-0.185684998,-1.645622063,spiny mouse,488428837,
-0.824708431,-0.422754064,spiny mouse,488430421,
1.153952023,-2.904531116,spiny mouse,488430487,
0.089640309,-0.204807554,spiny mouse,488432250,
-1.922294364,-2.248999914,spiny mouse,488434725,
-0.380013435,6.004219059,PV/FS,488438177,
0.774059532,5.178412469,PV/FS,488440436,
-0.459717099,-1.515995147,spiny mouse,488448839,
1.350089075,6.419605893,PV/FS,488450754,
0.172727776,-0.471012227,spiny mouse,488462885,
-1.099980596,-2.532538053,spiny mouse,488467273,
-0.482384563,-4.39610962,spiny mouse,488471111,
0.089859483,6.492074755,PV/FS,488473535,
0.642962487,6.118403077,PV/FS,488491186,
1.072558985,7.089699424,IR/VIP,488491756,
1.434875822,7.443606604,PV/FS,488493019,
-0.200699754,-0.95045505,IR/VIP,488495740,
-0.243250035,7.08607868,PV/FS,488496181,
0.622584282,6.502215975,PV/FS,488497498,
-0.412334353,6.864000041,PV/FS,488501071,
-1.041593038,-2.570747931,spiny mouse,488501165,
1.476182626,6.147001178,PV/FS,488501487,
0.283207316,7.337274446,PV/FS,488504814,
0.977266891,4.095258417,PV/FS,488674910,
-0.259149904,-1.868387729,spiny mouse,488675026,
0.82642158,2.810876531,SST/adap,488677318,
4.30028231,2.615583924,SST/adap,488677942,
0.741858781,3.337030999,PV/FS,488677994,
-3.169118364,-2.466917555,spiny mouse,488679042,
3.084750852,-2.27800471,spiny mouse,488680211,
-0.522551167,-2.609529398,spiny mouse,488680917,
1.489231035,1.241882106,SST/adap,488681087,
2.071617295,0.693701748,SST/adap,488683322,
-0.248020202,-2.666594066,spiny mouse,488683425,
1.335212795,7.570019406,PV/FS,488685185,
-4.881993725,-1.505686668,LS/Neurogliaform,488686369,
-0.216812672,5.623677343,PV/FS,488687042,
4.726191269,1.450267842,spiny mouse,488688344,
-0.9141533,-2.433379418,spiny mouse,488688374,
1.417509138,7.242005291,PV/FS,488688580,
-1.476806728,-4.139928054,spiny mouse,488689365,
-0.219325809,-2.152512383,spiny mouse,488689403,
-1.842771969,-4.696282471,spiny mouse,488695444,
-0.405905886,-3.136051561,spiny mouse,488697163,
0.615507112,5.940006838,PV/FS,488697964,
-0.377969152,-4.226571364,spiny mouse,488698341,
0.555180153,0.808842116,IR/VIP,488699635,
1.337894188,6.59255596,PV/FS,488707768,
0.182501762,6.467064141,PV/FS,488711144,
-0.369640072,5.896270433,PV/FS,488712472,
-1.847499951,-1.890575223,spiny mouse,489259263,
1.230194248,7.604064647,PV/FS,489719193,
1.029330557,-3.512840079,spiny mouse,489731121,
0.965287315,-3.472837927,spiny mouse,489751959,
-1.197232341,-1.057865784,spiny mouse,489752610,
4.522705399,1.052546032,spiny mouse,489753228,
-1.253679501,-1.724132849,spiny mouse,489753277,
-0.467604631,-2.378496997,spiny mouse,489754156,
4.647385913,1.05525393,spiny mouse,489885173,
-0.871920987,-2.47623653,spiny mouse,489888847,
2.973453774,-2.580053045,spiny mouse,489888898,
-0.340866646,-0.416795443,spiny mouse,489923501,
3.72978736,2.463354797,IR/VIP,490149337,
-2.071791037,-2.824024489,spiny mouse,490170480,
0.890467222,-2.499386166,spiny mouse,490171952,
-2.521424469,-4.995139772,spiny mouse,490172112,
1.152873099,-3.211060812,spiny mouse,490205998,
-0.323351017,-2.717744617,spiny mouse,490259231,
0.072282133,-0.155675823,spiny mouse,490259892,
0.941634674,-3.534192674,spiny mouse,490263211,
0.436773058,-2.726339493,spiny mouse,490263438,
0.209090117,-2.593052989,spiny mouse,490264167,
-2.584880381,-1.620450585,spiny mouse,490267219,
-0.583294243,-2.539881494,spiny mouse,490267468,
0.772492246,1.460897836,SST/adap,490276212,
-2.78396411,-3.962760647,spiny mouse,490283114,
-2.140127312,-4.751857028,spiny mouse,490283519,
-0.405683625,-2.072588204,spiny mouse,490376252,
1.299152244,7.410796467,PV/FS,490382353,
-2.792139741,-4.070526109,spiny mouse,490385956,
1.332224621,7.332589866,PV/FS,490386426,
0.951341468,6.741403635,PV/FS,490387590,
0.639955798,-3.187154479,spiny mouse,490558274,
-0.313777143,-4.364113594,spiny mouse,490576429,
-1.510663537,-3.726636483,spiny mouse,490601284,
0.615649037,-3.45568275,spiny mouse,490612150,
0.908680766,-2.157195211,spiny mouse,490612844,
1.085371811,-2.974203834,spiny mouse,490624177,
0.037744322,-3.070959046,spiny mouse,490626718,
0.463419466,-2.899711647,spiny mouse,490626827,
-0.778147064,0.329670208,spiny mouse,490712265,
0.794453758,-2.467631701,spiny mouse,490718897,
3.62851899,2.337511811,IR/VIP,490729633,
-0.031592291,-0.446225148,spiny mouse,490733962,
1.036435933,2.515536908,SST/adap,490746462,
0.475984181,-3.373490293,spiny mouse,490772223,
-0.257379581,-1.590142578,spiny mouse,490779678,
1.144683574,1.561062438,SST/adap,490789494,
-0.019308303,-2.185475628,spiny mouse,490790207,
0.338290682,7.160418843,PV/FS,490908575,
1.323101584,1.260288072,SST/adap,490912243,
0.885134117,-2.312451715,spiny mouse,490916919,
-1.476799497,-1.316501493,spiny mouse,490931049,
-0.15170528,-1.634339218,spiny mouse,490966322,
-0.882948733,-1.285327668,spiny mouse,490982660,
1.543938756,2.192508559,SST/adap,491026389,
0.647285295,2.20714263,SST/adap,491029832,
-0.655975426,6.823301201,PV/FS,491031969,
1.264060725,6.990427499,PV/FS,491038812,
-0.733094619,-3.034289952,spiny mouse,497499510,
4.288444714,2.592573319,SST/adap,497560724,
4.904522091,1.115547151,spiny mouse,497590510,
1.323887557,-2.670576112,spiny mouse,497611660,
-2.016511851,-4.138088875,spiny mouse,500857324,
-1.124664792,-2.020142366,spiny mouse,500859045,
-0.355859287,5.758557538,PV/FS,500862585,
-0.249723217,5.979488542,PV/FS,500864322,
0.204212909,5.891295699,PV/FS,500864898,
-0.180563525,-2.479160325,spiny mouse,500894271,
-1.521579551,-1.414177202,spiny mouse,500955426,
-0.970967864,-1.90242443,spiny mouse,500961697,
-1.770466656,-2.341381462,spiny mouse,500963059,
-2.396550852,-4.071584655,spiny mouse,500964358,
-2.175599491,-2.385366913,spiny mouse,500964382,
0.734928293,1.769436211,SST/adap,500966656,
-1.265269246,-2.219044237,spiny mouse,501014504,
0.627635061,-3.199164755,spiny mouse,501022658,
-1.004203764,-2.274419416,spiny mouse,501023852,
2.731086752,-1.350962141,SST/adap,501280518,
2.074189532,0.649487003,SST/adap,501282204,
0.387869803,-2.722237424,spiny mouse,501562903,
0.066079479,-2.29574979,spiny mouse,501563275,
0.427130035,-2.758761083,spiny mouse,501566512,
1.471404175,-1.233105393,IR/VIP,501570114,
1.412610163,2.103325294,SST/adap,501730497,
0.75488191,-2.929904825,IR/VIP,501736631,
1.966182541,2.168668015,SST/adap,501798889,
2.922415594,-2.625718149,spiny mouse,501799874,
-2.219049836,-4.354747384,spiny mouse,501839495,
-4.385652506,-1.036111057,spiny mouse,501841672,
-2.563338287,-5.341181474,spiny mouse,501842713,
-0.854343925,-0.017541839,spiny mouse,501845152,
-1.484362676,-3.514392087,spiny mouse,501845630,
-2.049492568,-2.51835791,spiny mouse,501847408,
-0.058657975,0.0818612,spiny mouse,501847931,
0.221972302,-3.056223899,spiny mouse,501848265,
-1.923230573,-1.715591664,spiny mouse,501848315,
-3.032170595,-3.358109168,spiny mouse,501850666,
-3.709298593,-2.62731612,spiny mouse,501886192,
-0.208580481,0.850510434,spiny mouse,501891177,
-2.027321948,-2.876976648,spiny mouse,501895840,
1.113764294,-0.47572805,SST/adap,501940485,
-2.337023659,-2.380126748,spiny mouse,501951290,
-1.638980164,-4.476014959,spiny mouse,501956013,
-2.094118821,-1.747438643,spiny mouse,502100978,
-1.725345448,-3.738049702,spiny mouse,502120615,
-1.08251656,-2.080332067,spiny mouse,502143149,
-1.099271213,-3.060927697,spiny mouse,502143555,
-2.182107263,-2.241417815,spiny mouse,502144146,
-0.508952712,-1.999995628,spiny mouse,502193385,
-1.256175189,-2.422454093,spiny mouse,502245101,
-1.039558665,-2.255530642,spiny mouse,502260112,
-1.586104533,-1.881089912,spiny mouse,502267531,
0.903197259,-3.089949363,spiny mouse,502269786,
-2.580723703,-3.057888964,spiny mouse,502359001,
0.014302888,-0.812443034,spiny mouse,502359348,
-1.916725056,-2.691478463,spiny mouse,502366405,
-2.444339104,-2.428093001,spiny mouse,502367941,
0.869326123,1.737780127,SST/adap,502382506,
2.817402367,-2.715510694,spiny mouse,502383543,
-1.22238932,-3.477676296,spiny mouse,502574847,
-2.082424498,-2.005104115,spiny mouse,502597328,
-0.610425542,-1.441905462,spiny mouse,502614426,
-3.078506593,-2.44703628,spiny mouse,502647640,
-2.306679919,-2.852092701,spiny mouse,502665074,
-1.638799906,-3.417870946,spiny mouse,502667140,
-2.078903353,-2.788091389,spiny mouse,502808270,
-1.983325485,-2.934015698,spiny mouse,502829071,
-2.260134853,-2.164974856,spiny mouse,502873181,
-0.13887929,-1.683243661,spiny mouse,502887600,
0.384057752,-2.443427404,spiny mouse,502978383,
-1.439752982,-2.316673015,spiny mouse,502993826,
-1.926676573,-1.977882785,spiny mouse,502999078,
0.69755924,-3.031537979,spiny mouse,503286448,
-0.348481309,-1.73603407,spiny mouse,503517607,
0.554729207,-2.683901497,spiny mouse,503582237,
-0.620827675,-1.923933758,spiny mouse,503595332,
2.833538393,-2.691170187,spiny mouse,503814817,
-1.005785171,-1.893555004,spiny mouse,503823047,
-4.892419563,-1.571126875,LS/Neurogliaform,504120613,
-2.591339333,-5.030727275,spiny mouse,504179737,
-1.236614304,-3.959799334,spiny mouse,504567071,
3.191521666,-1.977227344,SST/adap,504605677,
0.849673222,0.822115791,SST/adap,504608602,
4.678668773,1.125936178,spiny mouse,504613416,
-2.195506798,-3.52811809,spiny mouse,504614622,
-0.116544699,-1.690130654,spiny mouse,504615116,
-2.090911899,-2.874351092,spiny mouse,504635521,
-2.122057919,-3.665572544,spiny mouse,504643398,
-2.063314208,-3.902261212,spiny mouse,504647603,
-0.885126853,-0.877325298,spiny mouse,504913842,
-2.314301781,-4.278236912,spiny mouse,505200218,
-0.181385988,-3.728260535,spiny mouse,505202906,
-2.209525996,-2.666882256,spiny mouse,505476170,
0.231420277,-2.749282874,spiny mouse,505512874,
-1.474339316,-4.0042744,spiny mouse,505795846,
-1.554202284,-1.882445411,spiny mouse,505798354,
-2.249136014,-3.566854453,spiny mouse,505804754,
-0.702308503,-1.344115019,spiny mouse,505808144,
-2.27787986,-4.339059396,spiny mouse,505847801,
-0.756742846,-3.829411558,spiny mouse,506133241,
-1.956896538,-4.529613482,spiny mouse,506226516,
-2.326380989,-3.899488896,spiny mouse,506777471,
-1.478502102,-1.432964256,spiny mouse,507100117,
0.443325687,-0.879721113,spiny mouse,507101551,
-1.832613307,-2.370215476,spiny mouse,507121819,
1.253879771,-3.278576296,spiny mouse,507770911,
0.305099157,-2.16403223,spiny mouse,507914933,
1.0798135,-2.28485138,spiny mouse,507918877,
-0.947070357,-1.934163801,spiny mouse,507996688,
-0.022822791,-0.888846878,spiny mouse,508272216,
1.648991232,-2.62829179,spiny mouse,508275137,
-1.515197928,-4.017407757,spiny mouse,508276760,
-2.279416933,-4.112092199,spiny mouse,508566646,
4.860211499,1.058781526,spiny mouse,508883033,
-0.404482932,-1.101983865,spiny mouse,508887004,
-0.122281892,-1.862648638,spiny mouse,508911693,
1.689546825,-1.926572447,spiny mouse,508980706,
1.823417883,-1.944696064,spiny mouse,508987256,
-0.021695275,-2.253355451,spiny mouse,509003464,
-0.091841431,-1.531581555,spiny mouse,509005331,
0.317228147,7.296191064,PV/FS,509515969,
-0.622353134,6.770307573,PV/FS,509522358,
1.507156391,6.130411467,PV/FS,509617624,
1.847559507,-1.221550305,IR/VIP,509620929,
1.203080016,7.256994847,PV/FS,509683388,
1.119571846,6.630284139,PV/FS,509779247,
0.018657893,-0.42150103,spiny mouse,509875338,
-2.665653426,-1.905254593,spiny mouse,509881736,
0.307544473,-1.935593915,spiny mouse,509885554,
-2.14274177,-3.232538012,spiny mouse,510106222,
0.410136847,-2.783208702,spiny mouse,510114363,
0.218358364,-4.020016607,spiny mouse,510136749,
0.502335765,0.719733767,IR/VIP,510376592,
-1.748752773,-3.299451023,spiny mouse,510395901,
-2.028377001,-0.978874512,spiny mouse,510451636,
-1.181955295,-2.585585296,spiny mouse,510455612,
-2.325125477,-3.324362027,spiny mouse,510658021,
0.185942445,-0.156010719,spiny mouse,510702304,
-3.051977088,-2.454471006,spiny mouse,510702728,
-0.261561023,5.92117393,PV/FS,510706277,
1.308245568,7.11816179,PV/FS,510715606,
-2.202586632,-4.227528484,spiny mouse,510946335,
1.689707786,7.17563158,PV/FS,511244283,
-0.666562355,5.584922635,PV/FS,511247944,
-1.714011868,-3.00833249,spiny mouse,512319604,
-2.175713782,-3.257346907,spiny mouse,512322162,
-1.408507308,-4.606300465,spiny mouse,513510227,
0.051596571,-2.411206188,spiny mouse,513514828,
-0.535643371,-4.024343424,spiny mouse,513531471,
-4.192843762,-1.07015808,spiny mouse,513579447,
-2.701139382,-5.322136649,spiny mouse,513591094,
0.456817977,-3.327290612,spiny mouse,513593674,
-2.571759298,-1.614298825,spiny mouse,513800575,
-2.019608007,-2.598421327,spiny mouse,513803975,
-1.889969793,-2.373396433,spiny mouse,513832252,
0.934277058,-3.183703305,spiny mouse,513843815,
-0.191155806,-1.913933632,spiny mouse,513877604,
-1.533182278,-4.11321637,spiny mouse,513879001,
-1.72367053,-1.493235989,spiny mouse,514530024,
-1.68471526,-2.161686003,spiny mouse,514544971,
2.324825439,0.260547123,IR/VIP,514767977,
1.603892029,-1.208863402,IR/VIP,514824979,
-4.30860283,-1.001545595,LS/Neurogliaform,514825708,
2.025581812,-0.245190284,IR/VIP,514907630,
-1.63591463,-1.86529643,spiny mouse,515056927,
-3.348105638,-2.441272763,spiny mouse,515059388,
-0.297349357,-1.350286523,spiny mouse,515188639,
0.507826087,0.682269671,spiny mouse,515199779,
-2.232722772,-2.363784456,spiny mouse,515202564,
-0.664578351,-1.95325711,spiny mouse,515249852,
4.347823499,1.959356357,IR/VIP,515264431,
1.48142643,6.440620116,PV/FS,515296303,
0.317941649,7.458657453,PV/FS,515302868,
1.203955503,7.141570511,PV/FS,515305346,
-3.732428283,-2.855852149,spiny mouse,515435668,
-3.510020584,-2.40952992,spiny mouse,515462796,
-2.194990964,-2.390148525,spiny mouse,515464483,
0.280481239,-1.068235614,spiny mouse,515511110,
0.46583477,-0.823355637,spiny mouse,515524026,
-2.650968701,-5.247176747,spiny mouse,515771244,
-1.137589292,-1.354472426,spiny mouse,515949222,
1.874615299,-2.193868229,spiny mouse,515986607,
-0.373966763,-2.334652992,spiny mouse,516086402,
3.919633519,2.412959909,IR/VIP,516327568,
3.174531695,-1.499872806,SST/adap,516362762,
0.703095074,-2.524853455,LS/Neurogliaform,516838734,
0.687629986,-1.862409764,LS/Neurogliaform,516880237,
-1.605947172,-1.314959861,spiny mouse,516881226,
-0.538715586,5.589400326,PV/FS,516906055,
-1.252853558,-1.113953067,spiny mouse,516916566,
1.605272417,-2.108659164,spiny mouse,517077548,
-1.054152031,-3.902046104,spiny mouse,517319635,
2.902732821,-1.12419927,SST/adap,517330781,
3.1049102,-1.359656067,SST/adap,517343484,
0.997543593,-0.269842036,SST/adap,517345160,
4.153538027,2.116153563,IR/VIP,517353438,
-2.32178414,-2.35926015,spiny mouse,517645929,
-0.429391453,-0.856786242,spiny mouse,517647182,
4.381575212,1.015845406,spiny mouse,517752298,
-1.650594298,-4.104576066,spiny mouse,517753911,
-3.055886254,-2.441031202,spiny mouse,517974394,
-0.170114037,-3.889516539,spiny mouse,517977609,
2.741687717,-2.744358002,spiny mouse,517981878,
-1.960499982,-2.905386909,spiny mouse,517982558,
-0.838880341,-3.048670264,spiny mouse,518238899,
-1.686760239,-2.559600859,spiny mouse,518271679,
-2.059898701,-4.340036702,spiny mouse,518287095,
-2.584351863,-5.217230375,spiny mouse,518290966,
1.926800938,-1.70080144,IR/VIP,518623704,
-4.804947562,-1.731881073,LS/Neurogliaform,518750800,
0.770013481,6.490967942,PV/FS,518753555,
1.396552498,-1.163666594,IR/VIP,519220630,
4.506867612,2.440468403,IR/VIP,519517188,
1.405976391,-0.694964099,IR/VIP,519549081,
-1.538917267,-1.88531104,SST/adap,519749342,
3.77325568,2.398473311,IR/VIP,519751607,
3.267093087,-2.039483805,IR/VIP,520347870,
-2.721460486,-5.222459864,spiny mouse,521399472,
-1.854103227,-4.715234261,spiny mouse,521409057,
-1.575410713,-4.346905596,spiny mouse,521625948,
-0.798262991,-1.422461044,spiny mouse,521938313,
-1.372182702,-1.273711021,spiny mouse,521958756,
-0.066804423,0.458928444,IR/VIP,522108467,
-0.400966784,-2.347614227,spiny mouse,522147522,
2.027594952,-1.743813151,spiny mouse,522152249,
-1.586497753,-3.435388152,LS/Neurogliaform,522257166,
-4.81249595,-1.942583063,LS/Neurogliaform,522260194,
2.543588587,-2.280281536,IR/VIP,522260244,
-2.118378839,-2.861215859,spiny mouse,522301604,
-0.305806489,-1.460594737,IR/VIP,522408506,
1.38801129,2.208193467,SST/adap,522416880,
3.038633988,-2.294857417,IR/VIP,522418855,
2.026297353,0.261201108,IR/VIP,522676397,
0.152251575,-2.131402302,spiny mouse,522696638,
-0.410042005,-1.221469017,IR/VIP,522723828,
4.107217581,1.894774323,IR/VIP,523205934,
1.241526959,0.617214992,IR/VIP,523478821,
-4.866952175,-1.957155772,LS/Neurogliaform,523478869,
-0.365636098,-2.657738181,spiny mouse,523729022,
-4.782378949,-1.504923163,LS/Neurogliaform,523748610,
-4.624721521,-1.275801986,LS/Neurogliaform,524074295,
4.88042337,1.040602494,spiny mouse,524090036,
1.352951832,2.252539213,SST/adap,524647261,
1.121377017,0.331792766,IR/VIP,524675712,
0.713611022,0.922635382,SST/adap,524676260,
2.714253075,-2.503743457,IR/VIP,524689239,
-0.330689261,0.946403595,IR/VIP,524693113,
0.60098507,-0.726633684,spiny mouse,524850271,
-0.430838452,-2.945461914,spiny mouse,524857207,
-4.236567013,-0.987938894,LS/Neurogliaform,526531616,
-4.163376121,-1.22552975,LS/Neurogliaform,526545261,
-2.209050968,-4.421186821,spiny mouse,526573598,
-2.663267727,-2.962739258,spiny mouse,526643573,
-2.151076474,-2.80701335,spiny mouse,526668864,
3.86375529,2.45415706,SST/adap,526785742,
-4.38507644,-1.037502223,LS/Neurogliaform,526801742,
-4.749348501,-1.868671873,LS/Neurogliaform,526936091,
-4.053237695,-0.842943855,IR/VIP,526939383,
-4.120769382,-1.300809091,LS/Neurogliaform,526943222,
-4.17135366,-2.40365469,spiny mouse,526946319,
-2.23058636,-3.253991483,spiny mouse,526946778,
-0.072743796,-1.102575675,spiny mouse,526950199,
-1.792663294,-2.251367123,spiny mouse,526951157,
-0.877560341,0.092090103,IR/VIP,527089085,
-0.822782419,0.298894115,IR/VIP,527095729,
-4.054782069,-1.275731142,LS/Neurogliaform,527104986,
-1.974590451,-3.488701884,spiny mouse,527116037,
-4.496160049,-1.001105496,LS/Neurogliaform,527463935,
-3.981387228,-1.225981104,LS/Neurogliaform,527464013,
-4.690840538,-1.862106683,LS/Neurogliaform,527579814,
-2.648017056,-5.309633928,spiny mouse,527826878,
-2.404019088,-4.919360575,spiny mouse,527864026,
-4.388759191,-1.797552861,LS/Neurogliaform,527869035,
-4.581622159,-2.292918457,LS/Neurogliaform,527874431,
-3.997796707,-2.560021043,spiny mouse,528486009,
-2.319603687,-2.325218582,spiny mouse,528501887,
-3.632315527,-2.691058583,spiny mouse,530204927,
-0.725977028,0.462344541,IR/VIP,530235049,
-1.757670334,-3.063014826,spiny mouse,530325234,
-2.240687789,-2.776352432,spiny mouse,530335449,
-2.724203598,-4.011608829,spiny mouse,530349764,
3.834584445,2.545343287,SST/adap,530731648,
0.921250358,-0.04199331,SST/adap,530737765,
-3.988681936,-0.736343462,IR/VIP,531121585,
1.135593995,5.493565328,PV/FS,531339798,
3.764276743,2.584433334,SST/adap,531342116,
-0.716902456,-1.920192532,spiny mouse,532355382,
-3.305392828,-2.683722155,spiny mouse,532571720,
2.508016872,1.247045157,SST/adap,534141324,
3.211685454,-1.550261047,SST/adap,534303031,
-1.470413182,-2.621303066,spiny mouse,534524026,
-1.819467368,-3.303330945,spiny mouse,535520969,
3.569760495,2.352064627,IR/VIP,535708196,
-0.784093362,0.544290925,IR/VIP,535728342,
-3.963210754,-1.902718026,LS/Neurogliaform,536306115,
-4.096559911,-1.973549832,LS/Neurogliaform,536951541,
-4.624132388,-2.022267259,LS/Neurogliaform,538162646,
-4.623438254,-2.09137057,LS/Neurogliaform,538866343,
-1.096353576,-0.457846196,LS/Neurogliaform,539014038,
0.716257482,-2.712904741,spiny mouse,539742766,
2.79140467,-1.041985142,SST/adap,547238558,
3.079948375,-1.310238805,SST/adap,547262585,
3.012838027,-1.273464228,SST/adap,547262673,
-1.168267085,-0.967079995,SST/adap,547325858,
2.82664031,-1.090001722,SST/adap,547328377,
3.000058059,-1.251555264,SST/adap,547330489,
3.804320316,2.529964055,SST/adap,547336671,
2.867777529,-1.107593755,SST/adap,547344442,
-2.626433672,-1.58151596,SST/adap,547616623,
3.218786947,-2.185446059,IR/VIP,553006549,
2.301416677,-1.500495701,IR/VIP,553219924,
1.305732738,0.900471513,SST/adap,553231879,
3.26494011,-2.130376042,IR/VIP,553541110,
-4.682206372,-1.955847133,LS/Neurogliaform,553561593,
-4.360892476,-0.817435886,LS/Neurogliaform,554432769,
-4.283492158,-1.075408001,LS/Neurogliaform,554443833,
-4.264153576,-1.744057606,LS/Neurogliaform,554454165,
-2.738980704,-5.285698926,spiny mouse,554454458,
-0.631615098,6.792373906,PV/FS,554779051,
-0.46468637,6.613757543,PV/FS,554807924,
1.165911493,5.60027982,PV/FS,554807988,
2.083669736,0.665208097,SST/adap,555001065,
-4.745582508,-2.039167022,LS/Neurogliaform,555019563,
-0.797005775,0.354872242,IR/VIP,555042715,
0.474366673,-1.1498351,spiny mouse,555060623,
-0.457271334,1.017759496,IR/VIP,555079011,
-4.43607958,-1.285601899,LS/Neurogliaform,555089724,
4.31160793,2.868268586,IR/VIP,555241040,
-0.755596059,-3.654099435,spiny mouse,555241875,
3.046707986,-2.275561494,SST/adap,555263276,
-4.505633477,-1.371487115,LS/Neurogliaform,555341581,
-4.458300556,-1.079011325,LS/Neurogliaform,555345752,
4.772612554,1.006689442,spiny mouse,555354254,
-0.288014717,0.037396374,IR/VIP,555697303,
-3.818013864,-1.246422051,LS/Neurogliaform,555734606,
-4.044737068,-0.92427946,IR/VIP,555781149,
0.363425376,-1.280407316,spiny mouse,555832536,
1.045656223,2.491089088,SST/adap,555898896,
-0.509841873,-1.160364608,spiny mouse,556356342,
0.499991556,1.950458914,SST/adap,556357336,
-2.378139728,-4.672857969,spiny mouse,556363725,
-0.694229842,-3.09632554,spiny mouse,556369531,
1.328297083,-0.688252123,spiny mouse,556524816,
-1.454112357,-1.827512689,spiny mouse,556669671,
-1.135019295,-1.789307987,spiny mouse,556687527,
2.147560204,-1.673558748,IR/VIP,556701250,
-0.135894819,-2.322893583,spiny mouse,556910601,
-4.009595123,-0.839885138,LS/Neurogliaform,556914447,
-0.363886743,0.970760196,IR/VIP,556922061,
1.267234,1.067671723,SST/adap,556923554,
-1.4235828,-2.452751923,spiny mouse,556926517,
1.359491367,-1.184391435,IR/VIP,556968207,
1.072274403,-2.451962357,spiny mouse,557037024,
0.712627164,-1.872556705,LS/Neurogliaform,557194325,
2.953655738,-2.60790655,spiny mouse,557202210,
-4.357800336,-0.996619755,spiny mouse,557203722,
-0.325529491,-1.300741424,spiny mouse,557242105,
-0.333450189,-2.350164238,spiny mouse,557252022,
-4.426668693,-0.929176142,IR/VIP,557261437,
-1.182724153,-4.051419602,spiny mouse,557403606,
-1.83008853,-3.113306964,spiny mouse,557417271,
-0.205031425,-2.466050614,spiny mouse,557673526,
2.92393739,-2.662742748,spiny mouse,557679003,
0.712331028,-2.662186025,spiny mouse,557852711,
-1.474911158,-3.129319832,spiny mouse,557859470,
-0.193360631,1.381076947,IR/VIP,557859579,
0.255091134,-1.431762288,spiny mouse,557864274,
-2.277544056,-3.751892782,spiny mouse,557874460,
-0.797503942,-2.946900373,spiny mouse,557992635,
-2.126298364,-4.279494552,spiny mouse,557992762,
-2.234863617,-2.112286422,spiny mouse,557996299,
-0.927012648,-2.841772322,spiny mouse,557998843,
-1.91161891,-3.668372156,spiny mouse,558076716,
-1.246385186,-1.565346511,spiny mouse,558474375,
-1.809771728,-3.822867619,spiny mouse,558476932,
-2.493837096,-2.411957648,spiny mouse,558583839,
0.472976432,-0.864493148,spiny mouse,558612809,
-1.296393879,-3.878570035,spiny mouse,558615201,
-2.160427046,-3.152561471,spiny mouse,558660968,
-2.559857409,-3.067572111,spiny mouse,558662244,
-2.507394164,-4.223279266,spiny mouse,558675748,
0.029460609,-0.971873747,spiny mouse,558675895,
-2.402831095,-3.329594211,spiny mouse,559104842,
-0.302864611,0.831640221,spiny mouse,559221786,
-0.035077523,-0.722118717,spiny mouse,559222019,
-0.471000418,-3.389279785,spiny mouse,559387643,
-2.042336798,-2.907903546,spiny mouse,559388218,
0.206433632,-3.056821604,spiny mouse,560373629,
-0.852482668,0.364329234,IR/VIP,560424631,
0.011676175,-0.423245396,spiny mouse,560579320,
0.448951997,-2.684256827,spiny mouse,560579916,
0.008923915,-0.373818824,spiny mouse,560581448,
-0.873872512,-0.645045131,spiny mouse,560594898,
-0.208908204,-1.110831084,spiny mouse,560599530,
-0.240888642,-2.463298647,spiny mouse,560678143,
0.683235816,1.294124319,SST/adap,560684168,
2.744607089,-2.429079266,IR/VIP,560686477,
2.099520888,-1.725856568,IR/VIP,560690291,
0.613436011,1.316522286,IR/VIP,560690405,
0.689016632,3.155898112,SST/adap,560738452,
1.017617902,-0.286400756,SST/adap,560748672,
2.582835233,-1.04267301,IR/VIP,560750295,
0.902487576,-0.965222468,SST/adap,560753350,
0.286363492,2.000146063,IR/VIP,560814288,
4.790521315,1.275088534,IR/VIP,560817063,
4.528051682,1.723141466,IR/VIP,560889670,
4.599116211,1.75017915,IR/VIP,560924223,
0.4270167,-1.496623761,spiny mouse,560924300,
-4.860486607,-1.626172214,LS/Neurogliaform,560965993,
-4.657087053,-1.017465248,LS/Neurogliaform,560992553,
-0.653825016,0.607606042,IR/VIP,561039262,
1.245686493,5.527478356,PV/FS,561325425,
-0.3872016,0.059079308,LS/Neurogliaform,561329890,
-4.4720096,-2.459592343,LS/Neurogliaform,561330525,
0.549135987,5.303583056,PV/FS,561515555,
-0.439569589,6.652768755,PV/FS,561517025,
-4.086671175,-1.918220545,LS/Neurogliaform,561519381,
-4.431782072,-1.39963074,LS/Neurogliaform,561520050,
-1.515886903,-3.608404687,LS/Neurogliaform,561532476,
4.030524408,1.972783106,IR/VIP,561532710,
-4.387960145,-1.838184799,LS/Neurogliaform,561533860,
0.454091363,1.454129912,SST/adap,561534047,
0.81633338,2.207047352,SST/adap,561552455,
1.339311229,1.223194493,IR/VIP,561553133,
0.490820231,-1.080840627,spiny mouse,561790658,
2.250788474,2.154325734,spiny mouse,561792152,
0.71693206,4.80552991,PV/FS,561814552,
2.100848568,-1.65284698,IR/VIP,561934585,
-4.581069408,-2.330235127,LS/Neurogliaform,561985849,
4.64615865,1.710656679,IR/VIP,562003059,
3.245054014,-2.102676314,IR/VIP,562003142,
2.015367407,-1.615318741,IR/VIP,562062132,
-1.308292562,-2.794978601,spiny mouse,562185938,
0.689444442,4.472120247,IR/VIP,562381417,
0.746266824,0.934856563,IR/VIP,562384889,
2.744069109,-2.724143417,spiny mouse,562385794,
-1.302253048,-3.195151381,spiny mouse,562424079,
-0.508321516,1.221426774,IR/VIP,562524605,
-0.493053973,1.154585378,IR/VIP,562527850,
-0.397942692,0.870855334,IR/VIP,562530336,
-0.954442665,-2.990475215,spiny mouse,562534419,
-0.437291131,1.065464304,IR/VIP,562535995,
2.054674433,0.32675067,IR/VIP,562539062,
4.306262243,1.782397718,IR/VIP,562540395,
0.114270354,-3.760573652,spiny mouse,562541627,
-4.271313655,-1.005631256,LS/Neurogliaform,562630201,
-4.582770668,-2.170424133,LS/Neurogliaform,562632795,
-4.13042178,-2.593425978,LS/Neurogliaform,562651165,
-1.07305784,-1.026368758,LS/Neurogliaform,562676370,
-4.441593288,-0.984685369,LS/Neurogliaform,562682546,
-0.076928087,-3.855965844,spiny mouse,562731565,
-0.009545106,-0.571535198,spiny mouse,562965437,
-0.922733855,-3.62552358,spiny mouse,562999984,
-1.453121586,-3.889370046,spiny mouse,563002088,
-0.916797796,-3.581491286,spiny mouse,563175057,
-1.716094865,-4.062589725,spiny mouse,563180078,
-2.859213012,-2.651302888,spiny mouse,563220277,
0.48012489,-1.103624342,spiny mouse,563220620,
0.363388458,-3.9542306,spiny mouse,563226105,
-4.199831063,-1.425439514,spiny mouse,563248177,
-2.184954419,-2.105901503,spiny mouse,563336705,
-2.812974854,-3.206302427,spiny mouse,563338541,
-2.194672186,-4.504291542,spiny mouse,563350008,
-2.520206044,-3.603734727,spiny mouse,563353582,
0.599634012,6.367348129,PV/FS,563372842,
-4.491853107,-1.590054642,LS/Neurogliaform,563373346,
-4.355531003,-2.175092263,LS/Neurogliaform,563380422,
2.042730776,-1.681334707,IR/VIP,563535101,
0.649752112,5.392673789,PV/FS,563620254,
-0.300056032,1.043784178,IR/VIP,563790168,
3.228596837,-1.993239962,IR/VIP,563796500,
1.403135345,-1.250630609,IR/VIP,563796940,
0.80150678,2.327892206,PV/FS,564346637,
-4.262065341,-1.00013839,LS/Neurogliaform,564349611,
-0.600243851,-2.00730333,spiny mouse,564408650,
1.286599698,7.212844683,PV/FS,564409183,
-4.870127317,-1.620072226,LS/Neurogliaform,564410651,
-1.033317053,0.074863456,LS/Neurogliaform,564410881,
-3.845870408,-1.533708541,LS/Neurogliaform,564425006,
-4.484832981,-2.193183588,LS/Neurogliaform,564430168,
-1.537172911,-3.804908124,LS/Neurogliaform,564438523,
0.608129844,-2.538211854,spiny mouse,564677541,
-1.481974514,-3.523763393,LS/Neurogliaform,564692405,
-0.919407664,0.46721369,IR/VIP,564701029,
-0.8314995,0.106428427,IR/VIP,564770700,
-0.146872179,-3.66249137,spiny mouse,564795087,
0.150090892,-0.379657911,IR/VIP,565106612,
4.079503521,2.178602007,SST/adap,565108355,
0.629675424,1.757879832,SST/adap,565120091,
-0.321345779,-2.29101787,spiny mouse,565124865,
4.401618427,1.768901036,IR/VIP,565191521,
4.228605406,1.668450969,IR/VIP,565191603,
3.752729191,2.090720271,IR/VIP,565209132,
-0.504045734,1.136091598,IR/VIP,565213849,
2.937948843,-2.231217242,IR/VIP,565236919,
0.772988706,2.147286516,SST/adap,565381304,
-0.878605963,-3.535809679,spiny mouse,565397408,
-0.212655986,0.856822284,IR/VIP,565407476,
-0.614611528,5.477793462,PV/FS,565415071,
-1.399966522,-3.764131971,LS/Neurogliaform,565417112,
1.2292054,-1.060100427,IR/VIP,565448436,
2.683743663,1.411834768,SST/adap,565459685,
-0.639807209,5.884195027,PV/FS,565462089,
0.481425226,-2.682036639,spiny mouse,565480987,
2.574944159,-2.643891205,spiny mouse,565698986,
-4.675603068,-1.969982595,LS/Neurogliaform,565723357,
-0.328043035,-4.007991931,spiny mouse,565778331,
0.310019357,-1.335562912,spiny mouse,565778579,
-4.256210229,-1.173240026,LS/Neurogliaform,565809656,
2.224164512,-0.613476824,SST/adap,565855793,
-2.682111291,-5.295761458,spiny mouse,565858209,
-2.747673906,-5.350508045,spiny mouse,565863515,
-0.05372776,6.350251595,PV/FS,565866518,
-1.521672471,-3.7898612,spiny mouse,565870964,
4.344915955,2.608871083,IR/VIP,565871768,
-1.309421817,-3.941548716,spiny mouse,565871856,
-0.578916798,1.107822043,IR/VIP,565880475,
2.004212823,-0.609191107,SST/adap,565888394,
-4.244721213,-1.763824994,LS/Neurogliaform,566304697,
1.155922159,6.800938269,PV/FS,566305266,
-4.785160127,-1.85512982,LS/Neurogliaform,566460800,
0.442544278,1.53088634,SST/adap,566463606,
0.783752197,2.170694128,SST/adap,566466395,
1.367210024,1.003606021,SST/adap,566475818,
0.30553687,-1.440579418,spiny mouse,566506157,
-0.669904098,-2.450044474,spiny mouse,566517779,
-1.137619987,-1.245539157,LS/Neurogliaform,566541912,
-4.258973369,-1.257464111,LS/Neurogliaform,566543480,
-4.192317421,-1.810625034,LS/Neurogliaform,566559909,
-3.902324882,-1.946231758,LS/Neurogliaform,566563603,
-2.706444612,-1.670327035,IR/VIP,566647353,
1.077680878,-0.34695192,SST/adap,566648315,
0.599994129,-0.331180387,SST/adap,566655990,
3.48902598,2.037804564,SST/adap,566671538,
-4.321509994,-1.375103094,LS/Neurogliaform,566673170,
-0.168726102,5.828401702,PV/FS,566674875,
-0.392021067,5.593972342,PV/FS,566678900,
-0.308424701,-0.903853609,spiny mouse,566720165,
1.323169241,-0.285623229,SST/adap,566724483,
0.27521721,-2.855513077,spiny mouse,566728192,
1.42866258,7.148588516,PV/FS,566756038,
-4.508305547,-2.389218491,LS/Neurogliaform,566760952,
0.751473972,1.818473652,SST/adap,566761793,
2.223335198,2.035673241,SST/adap,566976438,
0.844732592,1.390618359,SST/adap,566978098,
0.611427315,-0.540893269,spiny mouse,566991946,
4.304704833,1.832019583,IR/VIP,567006813,
-0.559924521,1.060558072,IR/VIP,567007144,
0.653785114,1.272590623,SST/adap,567266985,
0.385624841,1.24138181,SST/adap,567312865,
1.333682544,0.998950595,SST/adap,567320213,
0.814109768,1.471070019,SST/adap,567354967,
-2.096539231,-4.16829732,spiny mouse,567399060,
-0.302639658,-2.368446944,spiny mouse,567431416,
0.270080621,7.37339833,PV/FS,567446579,
0.231436831,7.050002691,PV/FS,567901050,
0.025681282,6.427991659,PV/FS,567927838,
1.1668357,7.471396093,PV/FS,567952169,
1.349000667,6.039042253,PV/FS,567987585,
-2.745509449,-1.495591449,IR/VIP,568447613,
2.594201011,-1.819389776,IR/VIP,568473665,
4.927164942,1.055095659,spiny mouse,568560561,
-1.476078805,-3.457075506,spiny mouse,568568071,
-0.435395787,-4.111633477,spiny mouse,568582664,
4.918708865,1.028841605,spiny mouse,568584929,
2.247343149,-1.309012103,IR/VIP,568757860,
-0.597420548,1.401075335,IR/VIP,568767467,
-0.625658122,5.680215503,PV/FS,568790226,
-0.841669628,-0.156488866,spiny mouse,568951556,
0.376432706,-2.308471653,spiny mouse,568990770,
0.651534445,5.19068165,PV/FS,569072334,
-4.462461017,-0.887778116,IR/VIP,569073509,
1.584940252,-1.205989661,IR/VIP,569074571,
1.076478485,2.455928577,SST/adap,569251652,
-0.618115845,-3.949695346,spiny mouse,569252686,
-0.7296023,0.593247733,LS/Neurogliaform,569263301,
-4.173108582,-1.306028648,LS/Neurogliaform,569270348,
-4.380392109,-1.702489582,LS/Neurogliaform,569278799,
3.862045402,2.539857028,SST/adap,569286299,
2.001431758,-0.882102972,IR/VIP,569295876,
-0.68637085,0.662999371,IR/VIP,569296410,
1.233326047,1.119512043,SST/adap,569299459,
-1.244435457,-1.52079781,spiny mouse,569317896,
-0.986406556,0.359357288,LS/Neurogliaform,569407114,
-0.336694697,0.222936516,IR/VIP,569412397,
-2.20595784,-2.740943862,spiny mouse,569424261,
0.321669086,-0.842679939,spiny mouse,569441208,
0.943948596,6.04947724,PV/FS,569457730,
0.319931948,-1.167746435,spiny mouse,569469018,
0.03395504,-0.945639499,spiny mouse,569470171,
0.381008482,-1.455493509,spiny mouse,569477234,
-4.576575432,-2.148558661,LS/Neurogliaform,569492761,
1.310439059,1.303600405,SST/adap,569494755,
1.192303636,-2.915381989,spiny mouse,569609830,
-4.523722305,-1.773740035,LS/Neurogliaform,569615443,
-4.6270821,-1.079625009,LS/Neurogliaform,569623233,
0.410135255,-0.936427093,spiny mouse,569651358,
0.011620151,-1.479979512,spiny mouse,569653118,
0.359880917,-1.390481875,spiny mouse,569664731,
1.481433942,-0.16752179,SST/adap,569670455,
-2.17378862,-2.980676427,spiny mouse,569703486,
-1.91167989,-4.08388096,spiny mouse,569706189,
0.42730408,-0.987339606,spiny mouse,569710450,
-2.645638698,-2.317391814,spiny mouse,569715141,
0.43054784,6.078190431,PV/FS,569720969,
1.24957845,6.666699873,PV/FS,569723367,
0.29818982,7.456069622,PV/FS,569723405,
-1.812689851,-3.013136483,spiny mouse,569730838,
1.343068424,0.828066851,SST/adap,569739534,
1.283559656,5.986319898,PV/FS,569749430,
3.588469118,2.094362109,IR/VIP,569794458,
1.99595121,-0.255681467,IR/VIP,569809287,
-0.347144746,0.734287012,IR/VIP,569810649,
0.936752828,6.668534752,PV/FS,569955172,
1.648223205,7.056257806,PV/FS,569955315,
0.722700234,0.924413755,SST/adap,569958754,
0.713367964,1.179189387,SST/adap,569959500,
-0.484795067,6.956104399,PV/FS,569960365,
0.444864251,1.565707915,SST/adap,569965244,
0.112600616,7.157440886,PV/FS,569991910,
0.106562096,5.583298076,PV/FS,569997187,
1.561862793,7.133260515,PV/FS,569998790,
0.137014698,0.004121926,IR/VIP,570006759,
3.074485606,-2.347597881,SST/adap,570010469,
2.146083085,0.14680603,IR/VIP,570014498,
3.74550725,2.288670373,SST/adap,570081024,
0.647192389,6.530656344,PV/FS,570081589,
4.384974762,2.872018419,SST/adap,570089080,
1.161699122,6.918306136,PV/FS,570091111,
-0.466557136,5.462615444,PV/FS,570098371,
-0.498662162,1.059875288,IR/VIP,570098593,
1.09616445,-2.221176389,IR/VIP,570280138,
2.303728888,-1.4381274,IR/VIP,570428636,
4.547890251,1.884159381,IR/VIP,570438732,
1.975771345,-1.176862793,IR/VIP,570459682,
4.203502687,1.691415415,IR/VIP,570589704,
4.42023952,1.921169094,IR/VIP,570589935,
4.465892326,1.852667367,IR/VIP,570626702,
3.633642637,2.350894249,IR/VIP,570896413,
-3.592269428,-0.890075922,IR/VIP,570896453,
4.141847883,1.617053974,IR/VIP,570921682,
-0.469992158,1.123433843,IR/VIP,570924514,
4.347859364,1.865383672,IR/VIP,570924550,
1.19963849,7.006389154,PV/FS,570931770,
4.430565422,1.707724153,IR/VIP,570932699,
0.924671811,5.904210591,PV/FS,570932768,
1.199804068,7.155923715,PV/FS,570946690,
-0.657488366,0.760623576,IR/VIP,571233863,
4.463688351,1.784539011,IR/VIP,571255047,
1.26830928,-2.709144127,spiny mouse,571292875,
-0.445925543,-2.120868142,spiny mouse,571295641,
-1.402480364,-1.802600707,spiny mouse,571306508,
-1.913113967,-4.807401444,spiny mouse,571306690,
1.261394949,7.010665456,PV/FS,571311039,
1.407793385,6.176842826,PV/FS,571314481,
0.877248708,5.653031783,PV/FS,571379507,
-0.628758167,5.886949443,PV/FS,571396942,
0.594080434,5.799899677,PV/FS,571715883,
-0.476595317,5.64749764,PV/FS,571867358,
2.072968547,0.49988203,SST/adap,571939040,
3.279670878,-2.157557009,IR/VIP,571956282,
1.289202174,6.864618191,PV/FS,572295788,
1.273216094,5.845103153,PV/FS,572375809,
1.246279514,7.571349302,PV/FS,572376830,
-0.626598629,6.853082453,PV/FS,572409429,
3.131329558,-1.355052631,SST/adap,572410577,
0.291321504,-1.00751523,SST/adap,572416871,
-2.648547838,-1.40649071,SST/adap,572424901,
-0.433158342,-4.200721266,spiny mouse,572608696,
-0.183046247,-3.538575937,spiny mouse,572609025,
1.602206385,7.109681564,PV/FS,572609108,
-2.645993683,-5.367783877,spiny mouse,572609348,
-0.226772943,-4.080349384,spiny mouse,572609644,
-0.230387348,5.511067757,PV/FS,572609946,
-2.513692139,-5.051388956,spiny mouse,572735890,
-0.018595364,-3.135053158,spiny mouse,572798509,
-2.731635197,-2.43540201,spiny mouse,572804610,
-2.060080686,-3.449073342,spiny mouse,572827931,
-0.277744924,-0.858933037,spiny mouse,572996777,
1.310942274,-2.772936985,spiny mouse,573082177,
-0.261049426,-1.242071762,spiny mouse,573086094,
0.686281609,1.281372481,SST/adap,573105010,
-0.568879587,-1.380432733,IR/VIP,573121877,
1.035873513,-2.132054915,spiny mouse,573322633,
0.51719001,-2.014713639,spiny mouse,573323612,
1.101248412,5.386345707,PV/FS,573404307,
0.04792347,-1.436806039,spiny mouse,573410831,
1.107001288,4.828084309,SST/adap,573622646,
-2.463611639,-1.420619299,SST/adap,573636382,
-2.852687124,-3.922607204,spiny mouse,573660880,
-1.017964789,-1.116680981,spiny mouse,573680326,
-0.922062559,-1.785848387,IR/VIP,573685602,
0.382797536,-3.931660106,spiny mouse,573699058,
-1.016194251,-3.213301215,spiny mouse,573699831,
0.128752605,-3.454473495,spiny mouse,573702137,
1.187365224,5.695986004,PV/FS,573948335,
4.389150528,2.936707293,PV/FS,573976402,
1.062676349,-0.296564427,SST/adap,574036994,
1.225562086,-0.479573008,SST/adap,574038330,
0.885076272,5.645306877,PV/FS,574059157,
-0.492000989,5.694844295,PV/FS,574067499,
-0.813995652,-4.160059379,spiny mouse,574269602,
1.47982813,6.474115115,PV/FS,574377552,
1.63359748,7.159063661,PV/FS,574377603,
0.547997167,6.427243158,PV/FS,574399717,
-4.491614208,-2.389639255,LS/Neurogliaform,574577489,
-4.05875702,-0.921161976,LS/Neurogliaform,574584859,
1.038031049,1.753780618,SST/adap,574610205,
3.0609179,-2.447727087,IR/VIP,574734127,
-4.576929515,-2.264308983,LS/Neurogliaform,574914313,
3.249218191,-2.18836968,IR/VIP,574968354,
-0.429760157,6.626130255,PV/FS,574992320,
-4.329586575,-1.981005097,LS/Neurogliaform,574993444,
-0.163354243,0.095352489,IR/VIP,575001377,
-4.830346138,-1.864987924,LS/Neurogliaform,575012511,
1.282197419,2.33875882,SST/adap,575200757,
0.78333308,-3.484954859,spiny mouse,575201827,
-0.594118805,-2.254513679,spiny mouse,575299891,
0.112008903,-2.632757127,spiny mouse,575300383,
0.549266674,1.113619925,SST/adap,575637715,
2.071085132,2.155350142,SST/adap,575642695,
-2.628910055,-1.55608521,SST/adap,575646054,
1.952117788,-1.283194973,IR/VIP,575772040,
4.720508551,1.650104835,IR/VIP,575774870,
4.766676177,1.666538312,IR/VIP,575782162,
-1.788647031,-0.808153095,IR/VIP,575910132,
-3.961999926,-0.751920212,IR/VIP,575919223,
2.28033195,-1.488785579,IR/VIP,575920560,
-3.57523066,-0.940993456,IR/VIP,575923740,
3.325737044,-2.100135913,IR/VIP,575937040,
4.522624802,2.136875148,IR/VIP,576046210,
0.583791084,1.995443906,IR/VIP,576046388,
4.407040399,1.319791299,IR/VIP,576285618,
-0.506218144,0.883964123,IR/VIP,576336240,
4.452025929,1.823972418,IR/VIP,576411497,
-0.189709476,0.620509149,IR/VIP,576768088,
4.728272143,1.924238838,IR/VIP,577218818,
4.711846214,1.457087045,IR/VIP,577369606,
-0.999748287,-0.447828876,spiny mouse,577813827,
-0.851693908,0.301098754,spiny mouse,577821067,
-4.41286415,-1.069883506,spiny mouse,577854506,
-1.125934973,-1.300839688,spiny mouse,577883225,
-4.520658396,-1.906757113,LS/Neurogliaform,578483845,
-1.5342278,-3.729232678,LS/Neurogliaform,578485753,
-1.426782587,-1.231622851,spiny mouse,578517537,
4.343717237,1.914560798,IR/VIP,578517952,
4.672701311,1.647149412,IR/VIP,578774163,
0.360769661,-1.614155979,spiny mouse,578894262,
0.417414479,1.569710291,SST/adap,578898150,
-0.519022498,0.773530999,IR/VIP,578909807,
-1.205302669,-3.304251664,spiny mouse,578917575,
-4.429421797,-0.950895672,LS/Neurogliaform,578929342,
-1.119475857,-3.368254671,spiny mouse,578938153,
-0.932775012,-1.027744138,spiny mouse,578938449,
-1.24173703,-2.522075818,spiny mouse,579263604,
-0.658883003,6.841797572,PV/FS,579282688,
1.041053971,6.663780577,PV/FS,579283563,
1.452878665,6.234286142,PV/FS,579290303,
0.624590303,5.996013286,IR/VIP,579392973,
0.299598269,6.069764406,PV/FS,579414994,
1.00722502,-3.309607683,spiny mouse,579452260,
0.35812239,-1.52025694,spiny mouse,579462433,
-4.704393283,-2.167619615,LS/Neurogliaform,579611597,
0.1710127,-2.651601742,spiny mouse,579611637,
-4.581137055,-1.534984597,LS/Neurogliaform,579626068,
0.185963167,-1.725794306,spiny mouse,579627022,
-0.867783002,-2.799924696,spiny mouse,579652000,
1.013182389,5.491110051,PV/FS,579660456,
-0.146178609,-2.687126068,spiny mouse,579662784,
-0.54417329,6.429014129,PV/FS,579662957,
1.084001611,7.081333457,PV/FS,579671105,
1.224425258,1.973255315,SST/adap,579978640,
-0.30113761,-2.005914091,spiny mouse,579981789,
-0.035548726,-2.019521609,spiny mouse,580005568,
-0.923839088,-3.750258437,spiny mouse,580007431,
-3.515383695,-2.322390847,spiny mouse,580010290,
4.331485921,2.719982678,IR/VIP,580014328,
0.156912256,-2.576035467,IR/VIP,580138266,
0.758585177,5.135072711,PV/FS,580145037,
-2.285840181,-2.01736984,spiny mouse,580149939,
0.933469528,5.780856745,PV/FS,580161872,
1.085871544,5.723768079,PV/FS,580162060,
-0.338655049,7.03413076,PV/FS,580162374,
-0.68529917,-1.158524344,spiny mouse,580194100,
-1.123115315,-3.086119788,spiny mouse,580203028,
3.877472096,2.305392592,SST/adap,580212997,
-1.835239106,-3.282817886,spiny mouse,580234482,
-0.857832291,-1.108601876,IR/VIP,580236419,
-2.670867294,-5.277301678,spiny mouse,580257315,
-0.383998171,5.842522573,PV/FS,580507567,
-4.303492721,-1.775779312,LS/Neurogliaform,580537822,
0.007146379,6.361516304,PV/FS,580585082,
-1.802704512,-3.487812157,spiny mouse,580612566,
-2.897180076,-2.553313192,spiny mouse,580624725,
0.390981167,-3.953574536,spiny mouse,580632959,
0.04928794,-2.374763549,spiny mouse,580634942,
0.89202402,6.86317467,PV/FS,580639899,
1.091512787,6.1678441,PV/FS,580895033,
-0.10749748,6.374077947,PV/FS,581020172,
0.861899343,5.618013597,PV/FS,581058351,
-4.526387535,-0.946086328,LS/Neurogliaform,581058864,
-4.255085845,-1.720814093,LS/Neurogliaform,581138223,
-4.605681153,-1.080822178,LS/Neurogliaform,581153862,
-0.522455591,6.637243323,PV/FS,581157315,
0.431289487,-3.880272957,IR/VIP,581394360,
1.343008505,7.274820683,PV/FS,581403121,
1.285710587,5.463389761,PV/FS,581404810,
0.375215412,-3.990906308,spiny mouse,581741836,
4.637319065,1.669623187,IR/VIP,582613001,
-0.657503926,1.00327113,IR/VIP,582632160,
2.08646244,-0.080599584,IR/VIP,582641339,
-0.282655413,0.639487522,IR/VIP,582644266,
3.220782388,-1.926169062,IR/VIP,582644380,
2.615185484,-2.513090283,IR/VIP,582647492,
-0.962964959,-0.871089563,IR/VIP,582778095,
1.372452153,-0.916587819,IR/VIP,582857314,
-1.331879876,-0.519610487,IR/VIP,582917630,
0.707683665,1.123392352,SST/adap,583104750,
2.094430664,-1.953950916,IR/VIP,583137205,
2.0750909,-2.044750042,IR/VIP,583138230,
1.988167644,-1.783864345,IR/VIP,583138568,
-3.543685833,-1.59010803,IR/VIP,583141894,
1.298042206,-0.88080737,IR/VIP,583141979,
2.058221176,-1.750265358,IR/VIP,583142588,
0.342900628,1.524912,SST/adap,583145374,
1.669320993,-1.162493308,IR/VIP,583146274,
2.122392883,-1.710596602,IR/VIP,583148615,
-2.870136016,-2.165182052,IR/VIP,583312391,
2.921583788,-2.185861885,IR/VIP,583422542,
0.502340135,5.860548293,PV/FS,583426723,
0.786333357,6.630649993,PV/FS,583434059,
-0.37047966,5.565326995,PV/FS,583454722,
-0.441840762,1.523498869,IR/VIP,583645193,
1.039314798,0.694351581,SST/adap,583671359,
0.542513139,2.060425076,SST/adap,583719952,
0.94426043,-2.953853388,IR/VIP,583761507,
-0.442898846,0.823114122,IR/VIP,583804033,
-4.719360915,-1.457709667,LS/Neurogliaform,583804142,
-0.775159482,0.645201891,IR/VIP,583817628,
3.605342905,2.272072204,IR/VIP,583822407,
-2.217480399,-4.479547964,spiny mouse,584073525,
-2.40200832,-4.622188221,spiny mouse,584146987,
0.858575407,5.468169836,PV/FS,584215214,
0.651470425,1.44972195,SST/adap,584219169,
0.813974494,1.041483441,SST/adap,584231995,
-2.622600089,-5.148552526,spiny mouse,584254833,
-1.474196228,-3.348429422,spiny mouse,584271064,
0.630640393,-0.050316098,IR/VIP,584280397,
-0.481265622,1.462412727,IR/VIP,584495731,
2.139450764,-1.698014083,IR/VIP,584561230,
2.22897864,-1.397050273,IR/VIP,584587128,
0.079432676,-0.668078205,spiny mouse,584628220,
-3.705040362,-1.308771123,LS/Neurogliaform,584632767,
-0.800567355,-4.322070653,spiny mouse,584635140,
-0.076496797,-0.858056269,spiny mouse,584635215,
-0.73182567,-4.15188577,spiny mouse,584636981,
-0.300264842,-2.058233194,spiny mouse,584637407,
3.155027663,-1.945877,SST/adap,584660071,
0.853853703,2.303888286,SST/adap,584664194,
0.371029404,-4.015166194,IR/VIP,584665305,
-0.684015335,5.538340777,PV/FS,584670484,
-4.95011508,-1.665247632,LS/Neurogliaform,584671501,
-1.601334268,-4.399910937,spiny mouse,584680861,
1.418770301,2.156883809,SST/adap,584681388,
-1.269367072,-4.664015213,spiny mouse,584682764,
-0.283707655,1.110252445,IR/VIP,584872371,
-0.406775067,0.612565242,IR/VIP,584931329,
4.795759931,1.262182039,spiny mouse,585018101,
-0.164964445,-2.724360384,spiny mouse,585058163,
-0.780037748,0.445541321,IR/VIP,585080288,
-0.489600067,5.422276532,PV/FS,585740198,
0.937489039,5.655532895,PV/FS,585805211,
0.927073269,5.392711441,PV/FS,585832440,
1.047789866,5.462056095,PV/FS,585841870,
-4.877729943,-1.598049752,LS/Neurogliaform,585859704,
2.301150708,-1.593143304,IR/VIP,585908787,
1.35479987,-0.980270989,IR/VIP,585925172,
1.498771462,-1.039366825,IR/VIP,585929192,
2.19320336,-1.656839067,IR/VIP,585944237,
1.5682213,-1.074269212,IR/VIP,585946742,
-0.58189494,6.510337994,PV/FS,585947309,
1.355407423,6.002060046,PV/FS,585948651,
-0.312256496,5.389807417,PV/FS,585951863,
1.3349599,5.762879886,PV/FS,585952606,
-4.725119132,-2.073361513,LS/Neurogliaform,585955070,
1.513363315,0.056405153,IR/VIP,586070286,
2.439102413,-2.447571626,IR/VIP,586070820,
1.34292692,-1.157473097,IR/VIP,586071425,
2.616859735,-2.489180903,IR/VIP,586072188,
2.28113404,-1.659144431,IR/VIP,586072464,
1.657028887,-1.714851039,IR/VIP,586072783,
-4.771509469,-1.977846736,LS/Neurogliaform,586073346,
-0.180149948,5.696786441,IR/VIP,586073683,
0.871317677,5.433741523,PV/FS,586073850,
0.370159189,-1.429118569,spiny mouse,586073895,
-4.212339905,-2.63807918,LS/Neurogliaform,586074009,
0.728149092,6.413656938,PV/FS,586078695,
0.391089662,1.143035152,IR/VIP,586088125,
1.173912885,5.462909922,PV/FS,586358539,
1.254398133,5.312950415,PV/FS,586366106,
0.279142985,7.362409728,PV/FS,586379590,
1.00090285,-0.920295824,SST/adap,586517633,
-2.934386624,-3.827310805,LS/Neurogliaform,586559181,
2.861910264,-1.077698206,SST/adap,586566174,
1.369979104,-1.872842542,IR/VIP,587045566,
2.167799598,0.172007,IR/VIP,587055109,
2.938372835,-2.004538505,IR/VIP,587062699,
-0.764803811,1.196109438,IR/VIP,587064346,
0.303379312,-1.027740776,SST/adap,587077323,
1.09375688,-0.386551642,SST/adap,587079262,
2.585518628,-0.861724816,SST/adap,587081792,
0.784285459,-0.109458525,SST/adap,587096515,
2.25185217,-1.410582796,IR/VIP,587098017,
0.246471436,-0.872389147,spiny mouse,588402092,
-0.677436223,-2.876840749,spiny mouse,588697518,
0.314429311,-1.336693848,spiny mouse,588705882,
-2.533197452,-2.005109811,spiny mouse,588711875,
-2.775742772,-5.407557503,spiny mouse,588712191,
-1.467191192,-3.812414421,spiny mouse,589118831,
-1.591850112,-3.103664998,spiny mouse,589121138,
0.782097363,-2.558329626,spiny mouse,589427013,
-0.927084277,-4.196204488,spiny mouse,589427435,
-0.104499154,-3.367270708,spiny mouse,589441038,
-0.171198961,-1.458564294,spiny mouse,589442285,
0.027172795,-2.961065362,spiny mouse,589444632,
-1.375700512,-2.772232062,spiny mouse,589452470,
-0.452406864,-4.149722351,spiny mouse,589755198,
-0.655270246,-2.192531568,spiny mouse,590556221,
0.839872546,6.13190813,PV/FS,590558808,
0.970557839,6.814980061,PV/FS,590876255,
0.034076722,5.910812083,PV/FS,590932287,
-2.499443451,-1.383969252,SST/adap,591250232,
0.999493133,0.118917271,SST/adap,591265629,
1.479215939,7.040059799,PV/FS,591268268,
1.273380993,6.763595922,PV/FS,591278744,
2.343688238,-1.289196913,IR/VIP,591396115,
-0.561735348,6.956159668,PV/FS,591420537,
0.877272791,1.831561857,SST/adap,591442287,
-2.787716677,-1.38879822,IR/VIP,591517805,
2.091582824,-0.103183606,IR/VIP,591622050,
-0.018676366,1.976383445,IR/VIP,591627904,
-0.667491617,6.855724987,PV/FS,591639922,
0.300673593,1.273007896,SST/adap,591778248,
-2.617152286,-1.516709939,IR/VIP,592723092,
-0.357553679,0.976831756,IR/VIP,592819166,
-2.956468299,-1.567391223,IR/VIP,592833901,
-0.881481497,0.304381161,IR/VIP,592868444,
-0.648251199,0.689295871,IR/VIP,593054951,
0.917204183,7.217445175,PV/FS,593253205,
-0.685743053,0.461652864,IR/VIP,593321019,
-4.647269576,-1.537645782,LS/Neurogliaform,593436526,
-1.332241288,-3.556511438,LS/Neurogliaform,593448793,
-0.308266623,5.296689376,IR/VIP,593579697,
0.728652977,5.827704325,PV/FS,593618144,
2.030539159,-0.224906383,IR/VIP,593646143,
4.352058481,1.409834884,IR/VIP,593646579,
-0.589751417,0.658992578,IR/VIP,593655447,
1.905144628,-0.388081816,IR/VIP,594047832,
-0.372634176,0.090832283,IR/VIP,594091004,
-4.174454855,-1.094906103,LS/Neurogliaform,594480606,
-0.612985226,1.066936423,IR/VIP,594589186,
-0.536717522,1.164274597,IR/VIP,594611511,
-2.31789557,-4.555429636,spiny mouse,595511209,
-4.470132185,-1.808399822,LS/Neurogliaform,596213704,
-2.18997167,-2.402055381,spiny mouse,596282602,
4.207528203,2.604497683,IR/VIP,596619013,
-2.666438475,-5.327288581,spiny mouse,598628992,
-2.538954199,-5.367467888,spiny mouse,599170940,
-0.60160457,-3.862856147,spiny mouse,599177740,
-0.731526228,-2.805480702,spiny mouse,599222852,
-1.692698662,-4.032991003,spiny mouse,599334696,
-1.659208835,-4.254404209,spiny mouse,599393756,
-1.534801612,-4.193828401,spiny mouse,601294900,
0.889684657,-2.098481131,spiny mouse,602822298,
-1.736649176,-2.563740957,spiny mouse,603423462,
0.474597281,5.667479874,PV/FS,603739199,
-1.550918323,-4.237408282,spiny mouse,603748061,
-2.759120444,-1.621805782,spiny mouse,604130772,
-1.067404817,-4.005245929,spiny mouse,604134393,
-1.134429244,-3.757281468,spiny mouse,604626428,
-0.289906203,6.428534686,PV/FS,605688696,
-4.823882925,-1.734973471,LS/Neurogliaform,605889373,
-4.535923179,-0.917479978,LS/Neurogliaform,606106445,
-4.479403329,-2.38744384,LS/Neurogliaform,606336338,
-0.208406521,6.343328756,PV/FS,606517484,
0.253865085,-1.527239277,spiny mouse,607124114,
0.831459281,-2.213477917,spiny mouse,608108585,
0.800979176,6.305474802,PV/FS,609183903,
0.688659608,0.904629619,SST/adap,609485897,
-0.487036459,6.860024223,PV/FS,609492577,
0.828131733,5.331319354,PV/FS,609713212,
-0.535441416,6.664854717,PV/FS,614777438,
1.438351592,-0.345803574,SST/adap,617745241,
2.927457526,-1.150577461,SST/adap,623185845,
-0.256739552,-1.761574435,spiny mouse,623308514,
1.088226421,-0.274123237,SST/adap,623427407,
-0.942865633,-1.352140385,SST/adap,623892261,
-2.776770051,-5.404851174,spiny mouse,623893177,
-2.182353857,-2.122770204,spiny mouse,628700262,
4.38478395,2.793274242,NHP,3128918,
0.586561928,3.789389501,NHP,6193639,
-4.209083199,-0.648947351,NHP,2897488,
0.195726657,2.340381442,NHP,6219221,
0.390160857,4.55838362,NHP,2081506,
4.468559257,2.90734626,NHP,4048863,
0.638623953,4.361743048,NHP,4007447,
2.055225122,2.132059076,NHP,4872470,
-0.653105279,0.594267061,NHP,9266875,
0.461745101,4.072892154,NHP,3603737,
2.064901192,-0.176671797,NHP,6160507,
4.871575557,1.165956599,NHP,6573900,
0.661386537,4.585132417,NHP,3315344,
4.529036737,3.023758702,NHP,4717635,
0.343779749,4.597407099,NHP,4461307,
4.269303928,2.440084678,NHP,2507885,
0.112900918,4.864989582,NHP,2164708,
4.175291484,2.329347649,NHP,4757649,
4.548532405,2.050270834,NHP,6353116,
4.050734784,2.271051744,NHP,6047132,
0.089851433,1.389676004,NHP,8440701,
-1.105393772,-2.56409976,NHP,1471317,
0.63432954,4.866047547,NHP,3166185,
-1.206002159,-0.247637996,NHP,4221355,
2.635439523,1.094332024,NHP,7046620,
0.515777072,4.54525367,NHP,4415715,
-0.978119934,-2.569411495,NHP,6013473,
-4.126310621,-0.690792977,NHP,7033088,
4.456633337,2.713328777,NHP,9069954,
-1.393673502,-0.376746212,NHP,9229701,
0.680185135,4.693852928,NHP,4101021,
0.761533587,-1.909470775,NHP,3066519,
0.598032449,4.517227134,NHP,5565833,
-1.531155542,-0.655325674,NHP,5984515,
-0.341088848,-0.909221441,NHP,5916043,
1.011634744,4.949131261,NHP,6392431,
-1.161816833,-0.368599324,NHP,1192200,
0.717376078,4.647103813,NHP,6945823,
-1.177335946,0.003263841,NHP,4285879,
4.482196566,2.990396788,NHP,6365774,
-1.185040889,0.003190677,NHP,3236796,
2.049347784,-1.806068064,NHP,8431110,
-0.341351995,0.864657516,NHP,8606409,
0.744463696,4.681111133,NHP,2614677,
0.665583214,2.446501408,NHP,5884058,
0.071936931,2.193995653,NHP,1944276,
0.62774286,4.802070203,NHP,7256120,
0.680257313,2.854542471,NHP,6537529,
4.410014055,2.091340154,NHP,5995315,
0.074139076,2.192327798,NHP,3621020,
0.027765901,2.214080851,NHP,1730110,
0.706548226,-1.850696353,NHP,4769321,
0.494607788,5.668646511,NHP,4255641,
0.569621326,3.712383371,NHP,7382003,
-1.286381537,-0.236287044,NHP,6234539,
2.13869589,0.36451949,NHP,4109613,
-1.266066342,-0.175025681,NHP,3996040,
0.603996376,3.751133709,NHP,6780595,
-1.353751546,-3.050456222,NHP,4849747,
2.860349194,-2.642420119,NHP,4097424,
-1.362538395,-2.314573607,NHP,4270012,
0.684914792,5.281835276,NHP,8683771,
2.60154911,-2.42006028,NHP,7542404,
2.236590039,-1.203386695,NHP,6895102,
-1.263390604,-2.716000561,NHP,4849720,
-2.086289958,-2.591886823,NHP,4916610,
-0.55340368,-4.086812125,NHP,5010892,
4.557971025,1.052742544,NHP,6867830,
-0.579281977,5.327445708,NHP,1218334,
4.767070406,1.425646167,NHP,1875303,
4.440424505,2.885553262,NHP,8930506,
4.511046082,2.017451334,NHP,9355943,
-0.969757368,-0.707498349,NHP,5819158,
1.545058189,7.108834148,NHP,8870939,
-1.739850138,-3.0495871,NHP,2024419,
-0.394419506,-1.676165727,NHP,6237597,
-4.120025111,-2.547603106,NHP,2649786,
-1.282801087,-0.652461718,NHP,9355033,
0.557639969,-3.306227563,NHP,9349566,
0.872678265,-2.142736935,NHP,2365626,
-1.545134987,-3.050197273,NHP,8547048,
4.631465598,1.787832332,NHP,5239920,
-0.139077367,2.01477078,NHP,3719986,
0.157465311,2.442662619,NHP,3412592,
-1.362339077,-0.471541233,NHP,4065486,
-1.199864061,0.071606652,NHP,2456147,
0.691701125,3.452910707,NHP,5320765,
4.403542209,2.067587057,NHP,8348086,
-1.177170118,0.025005197,NHP,1644318,
-0.54699154,-0.6428789,NHP,9098687,
-1.423428152,-3.79270146,NHP,1485837,
0.637739181,4.865858061,NHP,9152516,
0.326698409,-1.296196891,NHP,8986433,
2.224538629,-1.425713095,NHP,2868180,
0.640553226,3.615576021,NHP,6806172,
0.114941764,2.162051666,NHP,5636114,
0.083203201,2.195490954,NHP,8379183,
4.125580156,2.344628768,NHP,9447731,
4.301189121,2.556433756,NHP,6511525,
0.925018471,0.348064542,NHP,6564213,
1.369259036,5.203747774,NHP,1651279,
4.677211916,1.081303969,NHP,7017234,
0.560653382,2.272832621,NHP,6085159,
-0.600553029,5.558460412,NHP,9788035,
4.397633141,1.940816857,NHP,9813524,
0.845496831,-1.657723845,NHP,7545103,
0.529567783,4.039467044,NHP,3137898,
4.791756012,0.892016093,NHP,2212063,
-1.458668591,-2.203633246,NHP,4430784,
-1.424013978,-0.471290066,NHP,9498134,
-1.578505814,-3.066217002,NHP,3203383,
-0.197115255,-2.917534402,NHP,3227452,
0.472996399,4.297547698,NHP,2947362,
4.74759601,1.330218719,NHP,1584520,
-1.290470797,-1.026888505,NHP,5675998,
4.787849581,0.953425768,NHP,2649538,
4.447427804,1.215999386,NHP,5547184,
0.651722068,4.879235482,NHP,8286290,
3.176580526,-2.374551626,NHP,8325627,
-0.093643185,6.131603507,NHP,9971064,
-0.688741538,-3.964275743,NHP,8247849,
-1.442103729,-0.425702966,NHP,7600953,
-1.367936366,-3.3194434,NHP,7113146,
4.739603699,1.465945344,NHP,6569110,
0.042859386,-2.668775654,NHP,1678047,
-1.159037177,0.109459297,NHP,1987789,
1.040986101,5.501247319,NHP,9975388,
0.684355505,4.753369622,NHP,3351044,
-1.170366729,-2.855447222,NHP,6536289,
4.834838466,1.266819495,NHP,8543911,
4.748161975,1.059859313,NHP,7889217,
4.145669483,2.469527559,NHP,4975821,
-1.208399598,-0.116049793,NHP,7768236,
4.449807548,1.631805546,NHP,8205287,
4.468285399,1.973736534,NHP,7413319,
4.480233128,2.057641737,NHP,3345938,
0.851629841,3.116382291,NHP,8923103,
4.420327932,2.303243265,NHP,4838316,
4.212575548,1.346500455,NHP,3028495,
0.864030181,2.799632089,NHP,7138747,
-0.61886821,5.56970202,NHP,9433398,
2.810267447,-2.209598646,NHP,8257021,
4.492942234,2.218452391,NHP,7839811,
-1.923795618,-4.279631419,NHP,4769609,
4.233393335,1.55541643,NHP,7491511,
0.10053331,6.178408893,NHP,9904357,
0.689197879,4.783495086,NHP,1700831,
0.627278662,4.526892285,NHP,1927497,
1.596769452,7.163151495,NHP,6846705,
4.543914546,1.926072388,NHP,6852521,
-0.608022049,5.391102918,NHP,8475887,
4.453728129,2.213700867,NHP,4765338,
4.546463417,1.878542719,NHP,9791993,
4.616779431,1.575621549,NHP,4993744,
1.888559305,2.036475281,NHP,3839715,
0.556287342,4.602605865,NHP,8337229,
4.434813076,2.903301895,NHP,1029038,
1.057222615,4.867359267,NHP,6491815,
0.202008561,2.198786027,NHP,2402289,
-1.334798315,-0.307456555,NHP,1530562,
4.282035345,2.044608961,NHP,7378701,
0.552731396,4.382895069,NHP,4206621,
4.065731149,2.154387594,NHP,6239034,
