IDs,X1,X2,labels
566000000,-32.3654,28.63115,mouse
470000000,-31.6018,30.23782,mouse
606000000,-31.8094,26.21035,mouse
486000000,-39.5919,28.92852,mouse
324000000,-38.7436,29.87464,mouse
505000000,-37.3263,30.21979,mouse
558000000,-40.4008,29.34906,mouse
476000000,-37.7052,27.61859,mouse
503000000,-39.8396,27.3418,mouse
581000000,-32.3288,30.0407,mouse
481000000,-31.3934,29.51962,mouse
480000000,-39.9151,28.53779,mouse
522000000,-31.2857,26.5331,mouse
592000000,-35.1861,26.68354,mouse
567000000,-38.6617,28.66362,mouse
480000000,-39.6368,27.1872,mouse
514000000,-38.7452,27.76145,mouse
584000000,-36.0583,29.50603,mouse
585000000,-35.5153,26.02962,mouse
572000000,-34.9972,28.66813,mouse
470000000,-39.1017,28.06148,mouse
474000000,-37.8252,28.26438,mouse
581000000,-31.3313,26.4278,mouse
479000000,-37.8991,27.39124,mouse
476000000,-32.3613,30.77141,mouse
502000000,-36.8514,27.00707,mouse
525000000,-37.2586,30.17476,mouse
593000000,-34.4252,26.50061,mouse
490000000,-39.6096,29.5363,mouse
524000000,-37.4022,26.61429,mouse
315000000,-39.073,27.6737,mouse
555000000,-31.683,28.0417,mouse
562000000,-31.3449,26.40532,mouse
489000000,-38.6233,28.12482,mouse
581000000,-32.715,29.48141,mouse
589000000,-37.3621,30.28714,mouse
489000000,-37.4305,30.2815,mouse
599000000,-39.1089,29.10112,mouse
580000000,-37.274,28.70426,mouse
480000000,-37.4677,30.32057,mouse
502000000,-39.9729,28.05145,mouse
474000000,-34.9234,28.07493,mouse
531000000,-34.7282,28.72769,mouse
488000000,-35.6148,26.38381,mouse
502000000,-39.3737,29.14254,mouse
498000000,-37.3601,26.65398,mouse
524000000,-31.2233,26.71448,mouse
585000000,-35.6505,25.85349,mouse
555000000,-31.4497,26.63165,mouse
488000000,-31.3003,29.50751,mouse
562000000,-31.8773,26.36031,mouse
487000000,-32.8064,30.55947,mouse
483000000,-31.3847,27.03173,mouse
487000000,-31.5737,28.68119,mouse
491000000,-33.6951,28.16197,mouse
518000000,-39.2784,27.83117,mouse
583000000,-36.3993,27.61882,mouse
485000000,-40.2048,28.43459,mouse
507000000,-39.6154,27.30137,mouse
593000000,-34.9498,28.68894,mouse
473000000,-31.4403,29.17831,mouse
515000000,-39.6305,29.36006,mouse
561000000,-37.816,30.07935,mouse
574000000,-34.7205,28.85787,mouse
323000000,-38.1848,26.87837,mouse
476000000,-39.8818,28.56299,mouse
477000000,-39.28,28.33659,mouse
589000000,-39.3868,27.9897,mouse
487000000,-31.4507,29.61937,mouse
479000000,-35.4135,28.18152,mouse
439000000,-31.1591,26.9543,mouse
569000000,-32.4054,29.56645,mouse
561000000,-31.3446,26.552,mouse
563000000,-37.0706,28.43601,mouse
490000000,-38.4164,26.71311,mouse
509000000,-37.1426,27.53654,mouse
605000000,-39.7619,27.46264,mouse
583000000,-35.3395,26.45069,mouse
567000000,-34.7345,26.91259,mouse
587000000,-35.2444,26.88294,mouse
589000000,-36.9754,28.9407,mouse
573000000,-38.6373,29.66521,mouse
580000000,-32.2489,29.38258,mouse
573000000,-37.8169,30.59568,mouse
570000000,-34.3958,26.41397,mouse
558000000,-40.2902,28.56079,mouse
574000000,-32.0451,30.52071,mouse
576000000,-33.3143,28.18362,mouse
490000000,-40.4464,28.42247,mouse
491000000,-37.3626,26.68243,mouse
486000000,-37.7712,27.59121,mouse
397000000,-31.6384,29.03422,mouse
584000000,-35.8182,29.07379,mouse
476000000,-33.2562,30.23535,mouse
475000000,-36.5282,27.8109,mouse
477000000,-31.5214,27.37082,mouse
554000000,-31.6889,25.99182,mouse
471000000,-31.6447,29.92838,mouse
586000000,-33.1531,29.00872,mouse
471000000,-38.0493,28.69321,mouse
525000000,-37.88,26.81022,mouse
475000000,-35.9796,28.1731,mouse
547000000,-34.6961,28.57447,mouse
566000000,-35.0403,27.08142,mouse
568000000,-32.185,30.71409,mouse
487000000,-38.8484,26.93547,mouse
486000000,-39.3384,29.277,mouse
585000000,-37.2346,27.12669,mouse
509000000,-38.3147,29.81761,mouse
522000000,-35.0886,28.68886,mouse
488000000,-31.3651,29.23855,mouse
486000000,-37.9076,26.03166,mouse
487000000,-31.494,29.63302,mouse
516000000,-37.9323,27.1447,mouse
517000000,-34.8593,28.80602,mouse
525000000,-35.7998,26.14703,mouse
479000000,-35.948,28.35863,mouse
578000000,-36.3748,26.60548,mouse
479000000,-39.2443,27.94106,mouse
583000000,-35.0816,27.00211,mouse
490000000,-40.1043,28.87235,mouse
502000000,-40.2867,28.42049,mouse
585000000,-37.3763,26.649,mouse
574000000,-31.6346,28.55023,mouse
481000000,-31.9988,30.77618,mouse
491000000,-32.3225,30.73202,mouse
518000000,-38.704,27.4283,mouse
586000000,-32.1263,30.06238,mouse
370000000,-38.4832,29.23755,mouse
479000000,-39.5005,28.994,mouse
322000000,-34.8614,27.55242,mouse
476000000,-39.332,28.22071,mouse
570000000,-39.3733,27.40748,mouse
597000000,-33.4812,28.88326,mouse
486000000,-38.5138,29.70694,mouse
556000000,-36.5508,28.8635,mouse
580000000,-39.1613,28.32576,mouse
485000000,-31.6376,29.75333,mouse
464000000,-40.252,29.74932,mouse
586000000,-32.1129,29.98115,mouse
586000000,-32.463,30.44047,mouse
559000000,-40.5335,29.50449,mouse
320000000,-32.244,29.55876,mouse
482000000,-34.8806,27.47417,mouse
570000000,-36.2439,28.15064,mouse
596000000,-39.7502,28.66674,mouse
479000000,-32.08,30.28383,mouse
483000000,-35.0884,26.82368,mouse
567000000,-38.198,26.96123,mouse
569000000,-39.4585,28.88367,mouse
323000000,-36.8737,28.74162,mouse
563000000,-31.645,26.35788,mouse
586000000,-35.2987,26.09701,mouse
486000000,-39.0743,29.72342,mouse
527000000,-32.0989,26.37453,mouse
501000000,-31.9735,28.78097,mouse
489000000,-32.5744,30.16404,mouse
591000000,-37.165,27.96638,mouse
514000000,-40.5638,29.61362,mouse
595000000,-35.5979,26.6933,mouse
478000000,-38.3597,27.31158,mouse
485000000,-39.441,27.39747,mouse
561000000,-33.138,29.36437,mouse
515000000,-40.4287,29.26639,mouse
502000000,-37.6224,26.61837,mouse
315000000,-37.1063,27.76898,mouse
479000000,-39.4698,29.62523,mouse
480000000,-39.6229,29.47729,mouse
491000000,-34.1761,27.90241,mouse
565000000,-35.4322,28.53018,mouse
593000000,-34.7878,28.83954,mouse
476000000,-31.5362,28.91946,mouse
584000000,-35.0735,26.75058,mouse
561000000,-37.0334,27.97189,mouse
604000000,-38.5958,29.8538,mouse
585000000,-39.747,29.80988,mouse
591000000,-32.2388,29.94439,mouse
504000000,-40.1642,28.29104,mouse
559000000,-37.8784,26.02821,mouse
467000000,-40.247,28.20178,mouse
519000000,-35.6075,26.11879,mouse
502000000,-40.3917,28.24311,mouse
487000000,-31.5385,29.4211,mouse
480000000,-36.961,29.93474,mouse
571000000,-36.7049,26.94715,mouse
476000000,-36.0028,27.18474,mouse
491000000,-38.7144,29.54909,mouse
505000000,-39.2991,27.64085,mouse
485000000,-39.3591,29.10209,mouse
510000000,-40.6759,29.36073,mouse
581000000,-37.0924,27.10308,mouse
585000000,-38.6511,28.73711,mouse
585000000,-38.2407,28.36841,mouse
586000000,-32.6076,29.54801,mouse
480000000,-40.2051,29.65926,mouse
564000000,-31.8231,26.52669,mouse
587000000,-35.5512,25.99402,mouse
487000000,-33.022,28.43706,mouse
487000000,-38.2041,26.90153,mouse
489000000,-36.9608,27.36217,mouse
569000000,-39.4689,26.90432,mouse
476000000,-38.9368,28.06746,mouse
476000000,-32.1274,30.04736,mouse
329000000,-33.5116,28.17798,mouse
464000000,-34.7356,26.92999,mouse
514000000,-40.709,29.69138,mouse
569000000,-37.4287,26.75275,mouse
563000000,-39.1239,26.9209,mouse
479000000,-39.8885,27.98363,mouse
514000000,-38.7691,28.32727,mouse
329000000,-32.8135,30.18952,mouse
592000000,-35.2873,26.62606,mouse
591000000,-31.6706,28.40881,mouse
528000000,-31.6082,26.66447,mouse
555000000,-33.087,30.24427,mouse
590000000,-36.7656,28.03561,mouse
486000000,-39.2518,27.97846,mouse
574000000,-38.9769,27.36025,mouse
502000000,-39.9312,29.62994,mouse
571000000,-32.4939,29.66093,mouse
610000000,-31.6617,29.31596,mouse
502000000,-38.6079,27.84396,mouse
558000000,-40.2496,29.05504,mouse
564000000,-31.7368,26.09893,mouse
561000000,-34.7922,28.79391,mouse
325000000,-40.3982,28.77799,mouse
486000000,-38.0092,28.25538,mouse
486000000,-36.2915,26.53068,mouse
510000000,-32.2509,29.43327,mouse
564000000,-32.4347,30.34823,mouse
580000000,-38.9882,28.24455,mouse
441000000,-31.1727,26.67811,mouse
502000000,-38.9642,27.31965,mouse
489000000,-40.2338,27.09724,mouse
594000000,-35.5393,26.20555,mouse
558000000,-37.2721,30.09574,mouse
583000000,-35.6085,26.20047,mouse
510000000,-31.5797,29.98438,mouse
486000000,-36.8425,26.81265,mouse
491000000,-36.756,26.76195,mouse
536000000,-31.5394,26.68742,mouse
573000000,-38.844,29.30306,mouse
490000000,-36.9504,27.60159,mouse
570000000,-35.075,25.91186,mouse
583000000,-34.3772,27.24835,mouse
563000000,-31.4137,26.18544,mouse
586000000,-35.5797,26.44651,mouse
466000000,-31.5377,29.03612,mouse
479000000,-38.6446,27.68124,mouse
587000000,-34.7568,28.80348,mouse
481000000,-32.5716,30.55014,mouse
519000000,-31.8222,30.07011,mouse
605000000,-36.8498,27.02489,mouse
565000000,-35.4043,26.24193,mouse
583000000,-35.1538,26.45898,mouse
486000000,-38.81,28.00184,mouse
324000000,-31.2787,29.91283,mouse
330000000,-38.0674,27.02684,mouse
520000000,-34.3433,27.18704,mouse
583000000,-32.0823,29.37022,mouse
584000000,-32.5773,26.48558,mouse
606000000,-31.7013,26.20957,mouse
480000000,-39.2594,29.67273,mouse
561000000,-37.011,28.27072,mouse
589000000,-37.8848,30.62985,mouse
564000000,-36.211,27.68332,mouse
330000000,-37.7006,26.83225,mouse
488000000,-31.5865,29.03824,mouse
481000000,-31.7843,26.53378,mouse
585000000,-32.3698,30.11789,mouse
323000000,-32.7816,30.09344,mouse
327000000,-33.1904,29.17728,mouse
567000000,-34.7362,28.80178,mouse
479000000,-32.0692,30.40576,mouse
510000000,-31.9674,29.09619,mouse
589000000,-37.808,26.87232,mouse
506000000,-36.7488,27.5793,mouse
486000000,-37.9993,27.42039,mouse
571000000,-32.3627,29.17687,mouse
325000000,-39.7801,30.32748,mouse
609000000,-32.1246,29.98277,mouse
486000000,-40.5043,28.96932,mouse
581000000,-31.4965,26.10753,mouse
324000000,-36.1048,28.47654,mouse
328000000,-35.875,29.41688,mouse
486000000,-39.4385,29.65665,mouse
502000000,-40.663,29.27975,mouse
580000000,-36.1025,28.61296,mouse
487000000,-39.4155,29.13191,mouse
570000000,-37.9392,30.63565,mouse
562000000,-31.5955,25.94923,mouse
486000000,-37.1897,26.65409,mouse
476000000,-33.8771,28.05014,mouse
483000000,-31.7238,30.04007,mouse
565000000,-35.6789,27.3221,mouse
528000000,-40.6186,29.57227,mouse
491000000,-35.2319,27.13384,mouse
562000000,-34.9665,28.35661,mouse
567000000,-35.2376,28.40845,mouse
324000000,-34.7112,28.5444,mouse
580000000,-31.7229,29.84516,mouse
587000000,-35.4827,25.92703,mouse
501000000,-39.2038,27.5592,mouse
474000000,-37.4681,27.0786,mouse
566000000,-35.5711,28.39021,mouse
319000000,-38.8288,26.73447,mouse
523000000,-40.684,29.41272,mouse
323000000,-32.5078,30.43123,mouse
503000000,-37.2313,27.01041,mouse
502000000,-39.034,27.09932,mouse
483000000,-31.7431,28.17825,mouse
514000000,-38.24,28.38584,mouse
573000000,-36.6671,27.19691,mouse
570000000,-34.1729,26.27896,mouse
569000000,-35.4376,27.38882,mouse
570000000,-32.7951,26.19991,mouse
510000000,-31.6104,29.88844,mouse
594000000,-35.1701,26.84392,mouse
502000000,-35.691,26.13565,mouse
486000000,-37.5792,27.14246,mouse
596000000,-31.4184,26.67699,mouse
510000000,-39.6362,27.48546,mouse
476000000,-38.4342,27.43183,mouse
475000000,-34.7106,28.66069,mouse
490000000,-37.6622,29.21163,mouse
525000000,-34.542,26.49726,mouse
585000000,-36.1576,28.04147,mouse
501000000,-32.1922,30.68717,mouse
576000000,-35.5661,28.37248,mouse
518000000,-38.9528,29.4988,mouse
530000000,-40.5967,29.37871,mouse
576000000,-35.1427,26.59138,mouse
481000000,-33.7739,26.60626,mouse
570000000,-32.2728,30.27637,mouse
623000000,-34.985,28.47166,mouse
487000000,-34.8194,26.87308,mouse
477000000,-36.0815,28.99166,mouse
569000000,-36.4319,27.69473,mouse
579000000,-39.8368,27.13027,mouse
491000000,-36.0087,26.03467,mouse
325000000,-37.293,27.55414,mouse
583000000,-32.6705,29.96919,mouse
483000000,-38.5546,26.47861,mouse
593000000,-36.2078,28.02344,mouse
559000000,-38.3073,28.56053,mouse
593000000,-33.7056,26.75072,mouse
593000000,-31.2929,26.89537,mouse
490000000,-37.6916,27.13888,mouse
476000000,-35.1521,26.18254,mouse
609000000,-32.6981,29.62611,mouse
525000000,-35.553,28.77536,mouse
482000000,-32.0425,30.61315,mouse
490000000,-39.1418,28.03429,mouse
583000000,-35.5834,26.38894,mouse
581000000,-32.373,28.79587,mouse
516000000,-36.3992,26.57937,mouse
536000000,-40.5098,29.55884,mouse
555000000,-34.1276,27.95422,mouse
506000000,-37.9012,28.14177,mouse
467000000,-34.7702,28.90024,mouse
314000000,-31.6009,29.36597,mouse
572000000,-32.2625,29.58575,mouse
566000000,-40.5727,28.68253,mouse
580000000,-31.8117,30.20876,mouse
593000000,-31.1961,26.46192,mouse
561000000,-32.0086,29.84446,mouse
481000000,-31.7068,30.45169,mouse
557000000,-38.7401,27.57203,mouse
476000000,-39.1555,29.2576,mouse
559000000,-38.6067,28.43829,mouse
483000000,-31.7302,29.85536,mouse
468000000,-38.0428,28.90484,mouse
570000000,-32.4723,30.22839,mouse
314000000,-40.223,29.3617,mouse
470000000,-31.4843,29.47472,mouse
489000000,-37.7897,30.59896,mouse
322000000,-38.5911,26.52518,mouse
485000000,-31.5714,29.24304,mouse
370000000,-38.4079,27.46646,mouse
573000000,-37.6034,30.42656,mouse
606000000,-31.656,25.94481,mouse
505000000,-34.8691,28.73835,mouse
587000000,-36.7294,27.45295,mouse
562000000,-35.7115,28.48112,mouse
477000000,-31.1222,26.65156,mouse
501000000,-39.5975,27.85498,mouse
328000000,-36.0557,29.55353,mouse
464000000,-31.5654,29.91234,mouse
480000000,-35.2663,28.04147,mouse
480000000,-39.6642,28.93735,mouse
584000000,-36.2885,29.29661,mouse
570000000,-35.8274,26.1664,mouse
579000000,-31.7762,29.99935,mouse
568000000,-32.1098,30.69076,mouse
474000000,-35.8235,29.33744,mouse
324000000,-39.0121,27.10679,mouse
591000000,-35.1328,26.66826,mouse
594000000,-33.1147,30.19116,mouse
470000000,-38.2671,27.59418,mouse
505000000,-34.7653,27.83685,mouse
322000000,-35.966,28.30196,mouse
486000000,-36.6315,28.42032,mouse
524000000,-31.5004,26.60039,mouse
592000000,-34.3921,27.18284,mouse
553000000,-34.9407,25.96482,mouse
599000000,-40.2512,29.70418,mouse
567000000,-34.6987,28.90318,mouse
501000000,-35.2675,28.13211,mouse
480000000,-31.8099,26.31032,mouse
599000000,-39.3878,29.37502,mouse
350000000,-38.602,26.44265,mouse
505000000,-39.3794,28.0923,mouse
396000000,-32.3706,30.56367,mouse
570000000,-39.8602,28.62382,mouse
586000000,-35.8083,28.51465,mouse
464000000,-39.1013,29.87233,mouse
397000000,-31.985,28.97762,mouse
547000000,-35.3013,28.47107,mouse
320000000,-31.9038,29.98673,mouse
573000000,-36.9571,29.1145,mouse
558000000,-40.4142,29.52501,mouse
547000000,-34.7404,28.56853,mouse
589000000,-38.0336,28.74862,mouse
387000000,-39.9316,28.18641,mouse
569000000,-36.7874,28.80406,mouse
322000000,-31.3837,29.90752,mouse
481000000,-31.1018,26.7933,mouse
589000000,-31.9618,27.999,mouse
580000000,-37.171,28.00721,mouse
488000000,-38.6906,29.66875,mouse
579000000,-35.9941,28.40943,mouse
330000000,-39.8292,28.13198,mouse
485000000,-31.7553,30.07973,mouse
397000000,-37.7374,26.90396,mouse
607000000,-32.4018,30.40103,mouse
554000000,-31.6855,25.95125,mouse
570000000,-32.2159,30.58045,mouse
515000000,-36.4909,29.04522,mouse
481000000,-33.0391,30.02104,mouse
505000000,-40.7072,29.22538,mouse
520000000,-34.9822,26.28265,mouse
576000000,-35.6114,28.31837,mouse
514000000,-36.7899,28.33242,mouse
601000000,-39.8492,29.38436,mouse
519000000,-31.2498,26.72919,mouse
397000000,-31.4828,29.31178,mouse
502000000,-35.7004,28.64163,mouse
580000000,-32.5174,30.18306,mouse
480000000,-36.5781,27.07657,mouse
515000000,-38.6892,28.38729,mouse
606000000,-39.2838,28.63012,mouse
564000000,-31.5829,26.48801,mouse
487000000,-31.4182,30.27201,mouse
577000000,-32.5617,29.46926,mouse
485000000,-39.4079,29.26128,mouse
486000000,-38.7265,27.8192,mouse
322000000,-33.5715,29.56025,mouse
561000000,-38.4974,29.29117,mouse
487000000,-38.9609,27.82278,mouse
565000000,-39.8523,27.19305,mouse
490000000,-31.8742,28.94174,mouse
478000000,-38.0813,30.69515,mouse
502000000,-33.2536,26.90854,mouse
476000000,-31.6536,26.36294,mouse
563000000,-40.3394,28.98945,mouse
557000000,-35.2962,26.06818,mouse
515000000,-40.5426,29.52305,mouse
502000000,-34.7389,28.86744,mouse
502000000,-35.439,26.53939,mouse
483000000,-31.4335,30.33224,mouse
487000000,-31.7374,30.03412,mouse
501000000,-39.4989,29.18869,mouse
568000000,-32.0783,29.61368,mouse
604000000,-40.1979,27.11963,mouse
561000000,-34.952,26.72927,mouse
584000000,-33.7827,26.64748,mouse
573000000,-32.7038,30.41077,mouse
483000000,-38.8971,27.91056,mouse
515000000,-31.8434,26.34754,mouse
538000000,-31.4223,26.55557,mouse
505000000,-36.7858,26.64655,mouse
504000000,-36.5501,26.74963,mouse
562000000,-39.1173,28.08132,mouse
490000000,-38.8584,27.71374,mouse
537000000,-31.7263,26.65268,mouse
517000000,-31.8027,26.65149,mouse
397000000,-32.226,28.97154,mouse
599000000,-39.0479,28.38737,mouse
557000000,-36.7355,28.06055,mouse
574000000,-31.5548,29.09661,mouse
570000000,-31.9208,30.09544,mouse
569000000,-35.7668,29.25026,mouse
584000000,-39.7089,29.34554,mouse
586000000,-36.9115,28.22606,mouse
329000000,-35.3702,26.81339,mouse
502000000,-39.3231,27.89584,mouse
563000000,-38.8829,29.69502,mouse
476000000,-39.9698,28.92163,mouse
592000000,-35.4159,26.78104,mouse
527000000,-31.8375,26.55098,mouse
595000000,-34.1876,26.75123,mouse
561000000,-35.6485,27.57236,mouse
522000000,-31.2682,26.5093,mouse
483000000,-39.3119,28.03758,mouse
490000000,-38.7383,29.8629,mouse
563000000,-34.3437,26.59661,mouse
581000000,-37.3217,30.15419,mouse
466000000,-31.8386,29.50929,mouse
564000000,-35.8956,27.5152,mouse
597000000,-37.7916,26.10413,mouse
585000000,-31.1972,26.55169,mouse
443000000,-31.6104,26.73084,mouse
480000000,-38.4955,29.78515,mouse
476000000,-38.7354,26.68404,mouse
575000000,-33.5522,26.71141,mouse
586000000,-36.6715,27.18779,mouse
485000000,-32.0505,30.63458,mouse
581000000,-32.0599,29.10262,mouse
473000000,-35.0767,27.52983,mouse
531000000,-35.4826,28.45643,mouse
589000000,-40.0686,29.60866,mouse
556000000,-32.3372,26.34104,mouse
527000000,-38.7881,29.52284,mouse
563000000,-38.8846,28.91583,mouse
586000000,-32.1742,28.28866,mouse
594000000,-36.5425,28.85324,mouse
467000000,-35.1363,26.87254,mouse
472000000,-36.8394,27.92516,mouse
489000000,-31.6053,28.89548,mouse
576000000,-34.6737,26.42907,mouse
479000000,-35.2629,27.09875,mouse
582000000,-39.2061,28.33784,mouse
522000000,-35.1884,26.09316,mouse
567000000,-38.3914,27.10521,mouse
325000000,-39.7736,29.10936,mouse
501000000,-39.5035,29.37408,mouse
502000000,-37.4454,30.3204,mouse
562000000,-36.3844,27.86667,mouse
559000000,-40.6716,29.34907,mouse
591000000,-32.2755,29.24477,mouse
587000000,-34.7258,28.2993,mouse
483000000,-34.7285,26.91124,mouse
563000000,-32.0608,26.19398,mouse
483000000,-39.7211,30.25377,mouse
563000000,-37.4011,30.30828,mouse
570000000,-31.6787,29.92293,mouse
502000000,-39.9634,29.04503,mouse
515000000,-39.6136,27.67109,mouse
321000000,-40.3878,29.23646,mouse
505000000,-38.9533,27.55997,mouse
528000000,-31.5569,26.56851,mouse
325000000,-38.0705,28.54423,mouse
564000000,-31.2004,26.67603,mouse
501000000,-38.3667,27.09219,mouse
368000000,-38.0125,27.21634,mouse
486000000,-37.308,29.99569,mouse
581000000,-31.968,26.14432,mouse
547000000,-34.8995,28.29695,mouse
580000000,-31.7475,29.66152,mouse
491000000,-31.7753,30.23424,mouse
576000000,-33.1486,27.97187,mouse
329000000,-34.9986,27.31462,mouse
489000000,-33.1093,30.26099,mouse
586000000,-32.1154,29.22025,mouse
488000000,-31.5912,28.91144,mouse
527000000,-32.1146,26.44334,mouse
330000000,-31.8803,27.89718,mouse
562000000,-37.4418,26.56548,mouse
527000000,-32.8069,26.50796,mouse
324000000,-37.753,27.28999,mouse
573000000,-36.1189,28.79681,mouse
554000000,-31.7263,26.02275,mouse
503000000,-38.4965,29.89781,mouse
487000000,-31.7823,29.69852,mouse
481000000,-39.7946,28.24333,mouse
490000000,-36.7895,29.28987,mouse
584000000,-35.0496,28.28129,mouse
324000000,-34.0132,28.2067,mouse
480000000,-38.4451,29.34362,mouse
504000000,-37.8619,27.01145,mouse
491000000,-37.2296,30.20048,mouse
570000000,-32.4567,30.31945,mouse
565000000,-32.2624,29.61377,mouse
485000000,-31.3364,29.52716,mouse
557000000,-36.9549,28.65579,mouse
569000000,-31.725,26.35951,mouse
580000000,-31.9234,26.30034,mouse
575000000,-31.4005,26.61344,mouse
584000000,-40.4918,28.64295,mouse
485000000,-37.967,27.82027,mouse
481000000,-31.7624,30.57864,mouse
324000000,-35.9905,28.13372,mouse
599000000,-36.8627,28.60791,mouse
489000000,-31.9807,30.71451,mouse
589000000,-37.397,30.27073,mouse
599000000,-38.8951,29.77397,mouse
477000000,-36.5573,27.81638,mouse
575000000,-35.6653,25.88309,mouse
503000000,-39.3423,28.43746,mouse
527000000,-35.7222,27.08433,mouse
576000000,-35.3198,28.62535,mouse
562000000,-31.4239,26.28015,mouse
574000000,-34.7635,28.72193,mouse
574000000,-38.0807,30.34637,mouse
586000000,-32.6226,30.08482,mouse
486000000,-39.3091,28.26654,mouse
593000000,-32.6576,26.59547,mouse
490000000,-38.4765,27.55173,mouse
470000000,-31.245,26.74099,mouse
516000000,-35.6069,27.66547,mouse
561000000,-36.9909,26.70416,mouse
329000000,-34.9985,28.52446,mouse
483000000,-38.7962,27.02423,mouse
570000000,-35.4678,25.9879,mouse
516000000,-36.444,27.18976,mouse
487000000,-38.9932,28.53562,mouse
501000000,-39.3392,27.34203,mouse
490000000,-39.9091,29.07131,mouse
571000000,-36.1671,27.76465,mouse
474000000,-31.9459,26.33221,mouse
503000000,-40.0028,28.61341,mouse
480000000,-32.2754,28.60699,mouse
501000000,-39.4808,28.9834,mouse
586000000,-32.7494,29.63959,mouse
322000000,-32.4848,29.82234,mouse
580000000,-32.1919,29.82265,mouse
326000000,-40.5801,29.74383,mouse
487000000,-39.1035,29.3654,mouse
569000000,-35.2142,26.52144,mouse
503000000,-39.7446,29.22968,mouse
502000000,-40.6826,29.71588,mouse
470000000,-39.6174,27.42603,mouse
511000000,-39.532,28.5072,mouse
564000000,-35.1518,26.42347,mouse
502000000,-38.8246,29.90043,mouse
581000000,-38.9354,29.54582,mouse
588000000,-31.6021,29.56608,mouse
567000000,-35.4216,28.14526,mouse
474000000,-35.8082,29.30566,mouse
528000000,-31.4771,27.07923,mouse
594000000,-32.0625,28.26185,mouse
566000000,-40.1066,29.17746,mouse
473000000,-39.6281,29.40048,mouse
567000000,-36.4684,28.32225,mouse
556000000,-31.6796,26.49814,mouse
396000000,-39.1753,29.08872,mouse
508000000,-36.951,26.67505,mouse
569000000,-35.0335,26.19375,mouse
581000000,-32.1561,29.1503,mouse
498000000,-36.7496,27.16972,mouse
422000000,-39.4858,29.65753,mouse
503000000,-38.5232,26.65052,mouse
481000000,-32.6234,29.92802,mouse
523000000,-34.0546,26.5403,mouse
490000000,-35.41,28.1011,mouse
485000000,-31.7569,29.18861,mouse
572000000,-31.5262,28.69907,mouse
584000000,-35.9672,27.58184,mouse
527000000,-40.2011,29.26529,mouse
554000000,-31.3392,26.41227,mouse
397000000,-31.8584,29.59695,mouse
566000000,-40.3367,29.32006,mouse
514000000,-38.5335,29.65383,mouse
575000000,-32.394,30.61811,mouse
515000000,-35.6032,26.00554,mouse
610000000,-31.7837,29.17699,mouse
479000000,-31.9761,30.78658,mouse
506000000,-38.8297,29.8358,mouse
585000000,-36.0588,29.34376,mouse
593000000,-35.9381,28.53732,mouse
397000000,-35.3924,28.62626,mouse
592000000,-33.891,26.58665,mouse
578000000,-31.1771,26.65541,mouse
596000000,-39.4979,29.41454,mouse
562000000,-34.8625,28.68651,mouse
476000000,-38.4759,27.17812,mouse
580000000,-36.8581,28.59604,mouse
486000000,-37.6382,30.42107,mouse
567000000,-35.4551,28.42247,mouse
510000000,-36.7457,29.23927,mouse
478000000,-35.1205,28.62043,mouse
478000000,-37.5577,26.56572,mouse
480000000,-39.7307,28.30246,mouse
489000000,-37.9549,30.6029,mouse
509000000,-39.5586,29.6609,mouse
485000000,-32.4576,28.62933,mouse
319000000,-38.4549,26.58805,mouse
479000000,-39.4289,29.16828,mouse
397000000,-38.6506,26.68063,mouse
488000000,-31.5144,30.26199,mouse
490000000,-38.6633,28.02137,mouse
540000000,-36.4104,26.60861,mouse
471000000,-36.1216,28.10808,mouse
476000000,-31.837,29.70782,mouse
527000000,-31.4332,26.44632,mouse
570000000,-32.3505,30.02343,mouse
486000000,-39.3577,27.35419,mouse
585000000,-39.8875,27.90751,mouse
324000000,-38.9509,26.80729,mouse
567000000,-31.3714,26.28934,mouse
511000000,-31.8088,30.28852,mouse
487000000,-33.7207,28.70417,mouse
509000000,-37.2971,26.75097,mouse
487000000,-39.6712,27.66078,mouse
477000000,-39.9319,28.13408,mouse
485000000,-31.3063,29.82737,mouse
487000000,-39.9335,28.60109,mouse
591000000,-32.2841,30.43056,mouse
594000000,-35.2069,26.68204,mouse
480000000,-38.6998,28.20975,mouse
579000000,-37.3676,30.03366,mouse
569000000,-31.7584,26.48923,mouse
491000000,-37.2729,30.09396,mouse
516000000,-34.6968,28.49378,mouse
583000000,-36.0114,26.30753,mouse
588000000,-38.4107,29.48998,mouse
569000000,-31.9297,26.10323,mouse
575000000,-35.9725,28.46053,mouse
517000000,-39.8169,28.10855,mouse
480000000,-39.266,27.94098,mouse
522000000,-35.7615,27.03657,mouse
567000000,-38.6255,29.92803,mouse
587000000,-35.1959,28.65013,mouse
547000000,-34.719,28.67572,mouse
483000000,-35.6188,28.86172,mouse
509000000,-36.8857,26.71151,mouse
563000000,-37.8907,25.98772,mouse
485000000,-31.473,30.28595,mouse
607000000,-37.0262,27.90019,mouse
579000000,-36.033,27.77386,mouse
586000000,-35.5742,26.15278,mouse
320000000,-38.0111,27.08965,mouse
486000000,-38.2804,27.13517,mouse
623000000,-35.4367,28.4725,mouse
570000000,-31.8591,29.91694,mouse
487000000,-38.5807,27.91849,mouse
574000000,-40.2292,28.31995,mouse
562000000,-35.552,26.52954,mouse
315000000,-37.5384,27.7791,mouse
479000000,-32.3873,30.13012,mouse
555000000,-37.6647,27.62996,mouse
487000000,-39.4375,27.64807,mouse
587000000,-35.7171,26.08429,mouse
324000000,-38.0385,26.94308,mouse
477000000,-31.322,30.04023,mouse
589000000,-40.3927,29.5708,mouse
481000000,-32.1715,30.16915,mouse
319000000,-32.1506,30.18211,mouse
557000000,-35.7092,26.0053,mouse
563000000,-39.6251,29.15748,mouse
324000000,-38.9085,26.85936,mouse
483000000,-40.5272,29.06045,mouse
502000000,-36.907,29.0685,mouse
515000000,-31.9472,29.5903,mouse
487000000,-31.2938,30.0966,mouse
527000000,-33.0187,28.35675,mouse
570000000,-35.45,26.52205,mouse
491000000,-38.3822,26.83626,mouse
328000000,-31.1819,26.75057,mouse
490000000,-38.379,27.63228,mouse
580000000,-38.4729,28.7174,mouse
571000000,-32.3362,30.20887,mouse
566000000,-31.949,26.43956,mouse
557000000,-35.504,27.7157,mouse
563000000,-32.1153,30.29478,mouse
561000000,-34.8676,26.60277,mouse
518000000,-39.0234,27.44096,mouse
315000000,-35.8163,29.07677,mouse
569000000,-37.6189,27.68011,mouse
322000000,-38.8745,26.86374,mouse
581000000,-32.1511,29.4991,mouse
489000000,-35.4269,29.4741,mouse
476000000,-39.339,29.71792,mouse
557000000,-36.5265,27.77513,mouse
563000000,-31.4153,26.2389,mouse
584000000,-40.5431,29.85833,mouse
604000000,-31.9526,29.95845,mouse
511000000,-32.3903,30.29917,mouse
573000000,-37.5321,30.42236,mouse
470000000,-32.1869,30.62824,mouse
568000000,-35.4067,26.29273,mouse
565000000,-32.7062,26.54835,mouse
583000000,-35.4767,26.06888,mouse
571000000,-34.3195,26.35351,mouse
478000000,-31.5209,29.37885,mouse
325000000,-35.2628,28.05863,mouse
508000000,-37.7174,28.22557,mouse
482000000,-34.5176,26.66956,mouse
328000000,-31.8808,29.89394,mouse
586000000,-32.553,30.51697,mouse
483000000,-31.5621,26.46026,mouse
490000000,-33.5698,29.68245,mouse
502000000,-39.6763,29.59621,mouse
472000000,-33.559,28.82072,mouse
524000000,-38.1231,28.03994,mouse
490000000,-38.2064,28.4476,mouse
569000000,-31.6718,26.7715,mouse
483000000,-31.5823,26.68537,mouse
555000000,-37.8287,28.38205,mouse
475000000,-35.9931,28.78681,mouse
321000000,-40.3275,29.23904,mouse
512000000,-40.0233,28.35371,mouse
572000000,-31.9365,28.81902,mouse
571000000,-38.7015,27.19468,mouse
527000000,-31.8661,26.41066,mouse
468000000,-31.9103,29.84292,mouse
506000000,-38.5023,27.3812,mouse
576000000,-35.5078,27.59193,mouse
586000000,-32.3327,30.47608,mouse
323000000,-36.9265,27.97276,mouse
483000000,-34.7502,26.76399,mouse
502000000,-40.3645,28.75605,mouse
531000000,-34.962,28.15204,mouse
523000000,-36.8324,28.75652,mouse
488000000,-39.4995,28.66616,mouse
491000000,-36.1897,29.43174,mouse
563000000,-38.6057,27.72326,mouse
579000000,-32.4512,28.53851,mouse
555000000,-35.3058,26.41251,mouse
521000000,-39.7429,29.24592,mouse
501000000,-35.6559,28.31329,mouse
323000000,-39.0839,28.43154,mouse
515000000,-38.8791,26.57755,mouse
561000000,-31.5067,26.16802,mouse
341000000,-32.2772,30.67596,mouse
464000000,-36.0034,28.48122,mouse
567000000,-31.9488,30.34481,mouse
315000000,-37.4459,26.58312,mouse
559000000,-36.664,28.00907,mouse
559000000,-36.9383,27.61998,mouse
356000000,-39.331,28.04057,mouse
570000000,-34.9906,28.38724,mouse
489000000,-31.8419,29.95194,mouse
486000000,-40.0093,28.20984,mouse
489000000,-35.4902,26.85711,mouse
527000000,-40.3852,29.36915,mouse
476000000,-39.7253,30.27012,mouse
591000000,-35.4817,28.19924,mouse
515000000,-36.1277,27.68823,mouse
572000000,-31.8792,30.70255,mouse
510000000,-32.9574,29.88549,mouse
561000000,-31.705,26.31407,mouse
480000000,-32.2804,30.63817,mouse
479000000,-39.156,29.63885,mouse
385000000,-38.5934,26.42648,mouse
502000000,-36.4249,26.58407,mouse
586000000,-31.5749,26.81114,mouse
489000000,-39.4023,30.05413,mouse
321000000,-39.0994,29.41582,mouse
490000000,-39.9607,27.9713,mouse
571000000,-35.1163,27.251,mouse
472000000,-37.8117,30.59122,mouse
486000000,-39.3467,29.68567,mouse
561000000,-33.9416,27.87084,mouse
481000000,-31.174,26.78879,mouse
476000000,-33.9224,26.5186,mouse
556000000,-39.5879,28.48003,mouse
578000000,-31.2857,26.53871,mouse
470000000,-39.8439,28.98425,mouse
514000000,-40.3187,28.62078,mouse
481000000,-31.4249,29.11101,mouse
487000000,-38.1124,28.646,mouse
314000000,-38.5146,27.45286,mouse
478000000,-36.0597,29.52074,mouse
586000000,-31.356,26.59056,mouse
480000000,-39.7243,28.62733,mouse
525000000,-35.2517,26.32731,mouse
572000000,-35.0395,28.65666,mouse
559000000,-37.498,26.54925,mouse
522000000,-39.4084,27.68477,mouse
557000000,-35.2403,26.01863,mouse
485000000,-35.4191,27.70338,mouse
480000000,-38.1424,30.67609,mouse
487000000,-31.2086,26.60419,mouse
439000000,-31.2493,26.46192,mouse
594000000,-35.7146,28.12355,mouse
570000000,-38.4745,29.78043,mouse
562000000,-35.2392,26.13724,mouse
467000000,-38.8122,28.26536,mouse
476000000,-34.6665,27.52877,mouse
563000000,-37.8686,26.16223,mouse
503000000,-39.4307,27.93775,mouse
511000000,-38.1802,27.71199,mouse
569000000,-35.5591,27.8674,mouse
561000000,-34.907,26.01129,mouse
518000000,-39.5005,27.25096,mouse
341000000,-31.3863,29.74778,mouse
506000000,-39.2422,27.46221,mouse
564000000,-32.1585,30.55456,mouse
510000000,-40.7747,29.68986,mouse
566000000,-31.3521,26.9848,mouse
574000000,-32.0862,30.70886,mouse
423000000,-37.8536,27.29644,mouse
503000000,-40.7032,29.45042,mouse
324000000,-32.7364,29.98653,mouse
319000000,-32.6139,30.66443,mouse
478000000,-35.6267,28.77003,mouse
502000000,-37.2421,28.40348,mouse
562000000,-35.787,27.61695,mouse
476000000,-40.2376,29.74696,mouse
570000000,-31.8302,30.13267,mouse
479000000,-39.6847,28.15522,mouse
486000000,-31.6689,29.11473,mouse
491000000,-37.8628,28.98444,mouse
569000000,-35.18,26.44713,mouse
480000000,-39.2678,30.2094,mouse
476000000,-40.0676,28.53474,mouse
583000000,-35.885,29.06374,mouse
575000000,-37.2125,28.09667,mouse
489000000,-36.0825,26.32512,mouse
515000000,-32.5658,26.14395,mouse
563000000,-37.7584,27.93876,mouse
615000000,-32.123,30.69864,mouse
593000000,-35.2614,27.19669,mouse
511000000,-31.64,29.08052,mouse
570000000,-37.5078,26.57074,mouse
324000000,-40.6884,29.7175,mouse
485000000,-31.7691,30.5974,mouse
471000000,-39.5396,30.20509,mouse
474000000,-35.4476,27.04912,mouse
557000000,-39.8623,27.83063,mouse
314000000,-40.0208,28.75778,mouse
483000000,-39.7069,28.82873,mouse
487000000,-38.5738,27.55019,mouse
485000000,-38.4065,29.9572,mouse
547000000,-34.7495,28.8827,mouse
575000000,-31.2463,26.46087,mouse
464000000,-31.1684,26.76612,mouse
570000000,-32.8816,28.5593,mouse
570000000,-35.2863,26.81294,mouse
571000000,-37.0689,29.34095,mouse
570000000,-37.7547,26.17552,mouse
481000000,-32.3718,29.71104,mouse
483000000,-37.8723,27.74555,mouse
558000000,-38.8748,28.06986,mouse
321000000,-39.268,27.91018,mouse
486000000,-37.8825,28.09266,mouse
589000000,-38.3987,29.96818,mouse
491000000,-37.4376,26.75252,mouse
323000000,-35.9793,29.6196,mouse
624000000,-34.8989,28.76762,mouse
472000000,-36.6137,27.08695,mouse
477000000,-35.5851,28.62522,mouse
479000000,-31.5695,29.12365,mouse
629000000,-39.6526,27.50703,mouse
604000000,-32.2055,28.31611,mouse
593000000,-35.7628,27.42921,mouse
597000000,-32.3026,28.14661,mouse
491000000,-37.2591,30.13155,mouse
566000000,-35.377,28.55668,mouse
328000000,-34.9395,27.3963,mouse
581000000,-32.0557,30.10017,mouse
522000000,-37.2187,26.83917,mouse
565000000,-35.9669,28.68891,mouse
580000000,-39.9426,27.99812,mouse
554000000,-39.1888,28.92962,mouse
325000000,-40.1919,29.54614,mouse
320000000,-31.5934,30.01967,mouse
487000000,-34.5552,26.55203,mouse
321000000,-38.3754,26.50679,mouse
580000000,-36.8538,28.61614,mouse
555000000,-31.2752,26.39505,mouse
539000000,-31.6376,26.97901,mouse
561000000,-36.9582,29.66858,mouse
477000000,-39.4037,28.08192,mouse
590000000,-37.5433,30.26503,mouse
515000000,-32.6084,30.09395,mouse
474000000,-36.3872,27.33024,mouse
501000000,-34.2061,27.937,mouse
322000000,-35.9055,28.60132,mouse
511000000,-31.2382,26.68978,mouse
580000000,-36.8126,28.2352,mouse
576000000,-34.4394,26.52359,mouse
483000000,-33.9601,28.06232,mouse
474000000,-38.2694,28.62297,mouse
470000000,-39.0692,29.44873,mouse
488000000,-35.6142,26.3884,mouse
547000000,-34.7504,28.86206,mouse
330000000,-38.5791,26.48637,mouse
514000000,-37.5801,27.56407,mouse
478000000,-31.1564,26.83617,mouse
328000000,-34.1508,26.25765,mouse
476000000,-40.1028,29.21027,mouse
503000000,-40.4188,28.23872,mouse
315000000,-39.8993,28.10958,mouse
565000000,-34.9492,26.86724,mouse
487000000,-31.3294,29.6816,mouse
571000000,-31.8569,28.85515,mouse
561000000,-34.4929,27.90082,mouse
571000000,-34.9693,26.49249,mouse
575000000,-37.0781,28.46657,mouse
583000000,-33.2877,27.36741,mouse
470000000,-39.3276,26.7519,mouse
570000000,-35.674,25.86047,mouse
558000000,-40.107,27.92684,mouse
476000000,-37.2601,29.03027,mouse
489000000,-36.6781,27.12689,mouse
503000000,-39.0544,29.5798,mouse
569000000,-40.066,27.91024,mouse
518000000,-38.9512,29.81852,mouse
319000000,-32.124,29.0492,mouse
586000000,-31.2191,26.61556,mouse
490000000,-37.0793,26.78838,mouse
562000000,-35.3894,26.31966,mouse
501000000,-38.5001,29.7751,mouse
567000000,-34.7937,28.81033,mouse
567000000,-37.154,28.70991,mouse
470000000,-31.9845,30.5156,mouse
574000000,-35.0919,28.22286,mouse
581000000,-31.9751,29.11861,mouse
591000000,-32.5247,29.58431,mouse
476000000,-37.544,26.66329,mouse
476000000,-34.0975,26.80675,mouse
480000000,-37.5056,30.34957,mouse
522000000,-40.5977,29.08828,mouse
479000000,-37.3084,30.24068,mouse
479000000,-37.5592,30.35633,mouse
586000000,-37.2607,26.81149,mouse
477000000,-39.3845,28.33423,mouse
489000000,-39.9922,28.77628,mouse
491000000,-39.3059,29.48579,mouse
319000000,-31.8657,29.83301,mouse
476000000,-32.4309,30.1459,mouse
530000000,-40.6343,29.3963,mouse
534000000,-33.9076,28.24809,mouse
534000000,-35.1534,26.83808,mouse
565000000,-31.2525,26.464,mouse
467000000,-39.2626,28.05829,mouse
527000000,-31.4732,26.86234,mouse
472000000,-37.234,28.89029,mouse
584000000,-35.3154,27.04829,mouse
475000000,-39.2973,29.02058,mouse
480000000,-38.7895,28.89019,mouse
505000000,-39.4022,29.17281,mouse
521000000,-39.1313,29.30243,mouse
471000000,-31.6861,29.49483,mouse
579000000,-31.6699,26.3517,mouse
563000000,-38.8915,27.53992,mouse
523000000,-35.0234,28.2574,mouse
556000000,-39.4492,29.51214,mouse
486000000,-39.3348,28.25717,mouse
548000000,-36.1657,28.1565,mouse
327000000,-37.694,30.36483,mouse
483000000,-39.137,26.58043,mouse
530000000,-33.185,26.62633,mouse
324000000,-35.0431,28.02912,mouse
573000000,-31.9754,29.94471,mouse
475000000,-34.7189,28.86719,mouse
574000000,-39.0543,28.89287,mouse
477000000,-38.204,27.12769,mouse
314000000,-35.0539,28.15356,mouse
483000000,-31.2493,29.85227,mouse
486000000,-39.694,27.1436,mouse
517000000,-37.4263,27.17295,mouse
581000000,-31.5964,26.01187,mouse
396000000,-39.8028,28.37556,mouse
575000000,-33.2014,27.27602,mouse
553000000,-35.0491,28.20886,mouse
487000000,-31.9167,30.50975,mouse
488000000,-38.1508,30.68735,mouse
505000000,-39.4847,27.50481,mouse
389000000,-35.8194,27.70847,mouse
566000000,-31.6696,28.11229,mouse
486000000,-40.0153,28.04338,mouse
504000000,-40.4366,29.80748,mouse
565000000,-35.6709,29.17827,mouse
476000000,-31.9401,30.64825,mouse
522000000,-39.3064,27.19348,mouse
593000000,-34.2126,27.95028,mouse
471000000,-37.4254,30.28662,mouse
489000000,-33.2841,28.25198,mouse
566000000,-35.5398,28.47043,mouse
604000000,-39.7217,28.0363,mouse
502000000,-36.8688,27.32514,mouse
583000000,-34.902,25.94556,mouse
485000000,-37.173,28.63971,mouse
575000000,-31.6904,26.7036,mouse
524000000,-31.2326,26.83576,mouse
593000000,-35.9907,27.5343,mouse
479000000,-32.6311,30.23754,mouse
579000000,-39.2352,26.53759,mouse
586000000,-36.1323,27.03676,mouse
555000000,-35.9374,27.77819,mouse
489000000,-39.3485,29.83635,mouse
566000000,-37.4292,30.31356,mouse
558000000,-38.3454,28.37334,mouse
565000000,-31.6515,26.67256,mouse
565000000,-32.8495,28.38305,mouse
323000000,-34.7088,28.62868,mouse
566000000,-36.5248,26.68631,mouse
623000000,-34.7562,28.72065,mouse
515000000,-39.7819,27.67525,mouse
563000000,-34.3582,27.1428,mouse
523000000,-35.0903,26.13762,mouse
487000000,-37.7075,27.36108,mouse
505000000,-39.4755,28.83051,mouse
585000000,-37.4593,27.81799,mouse
328000000,-35.3092,26.04787,mouse
477000000,-39.8271,28.18296,mouse
575000000,-31.2145,26.80264,mouse
478000000,-40.0273,28.70971,mouse
569000000,-39.0006,26.61839,mouse
502000000,-39.5687,26.97318,mouse
571000000,-36.1528,29.34571,mouse
562000000,-33.3402,28.19333,mouse
574000000,-31.8945,30.3152,mouse
505000000,-38.3455,27.32783,mouse
502000000,-39.6039,29.29524,mouse
481000000,-31.5659,28.56683,mouse
478000000,-35.6022,26.00275,mouse
562000000,-36.215,27.75443,mouse
507000000,-38.8841,29.53878,mouse
314000000,-32.356,29.87989,mouse
591000000,-35.1753,28.54441,mouse
476000000,-35.5722,27.70425,mouse
508000000,-40.1222,28.75098,mouse
489000000,-31.5513,28.63125,mouse
486000000,-38.6752,29.10816,mouse
569000000,-38.3592,29.57206,mouse
517000000,-31.4489,26.45992,mouse
479000000,-37.8574,30.58563,mouse
581000000,-32.5497,30.7139,mouse
522000000,-35.0109,28.04289,mouse
570000000,-35.3723,28.61336,mouse
466000000,-39.3657,28.27808,mouse
328000000,-33.3932,29.37719,mouse
490000000,-37.7379,27.56365,mouse
498000000,-32.6581,28.35214,mouse
527000000,-40.7421,29.25793,mouse
558000000,-36.8191,26.87888,mouse
615000000,-33.1066,29.04905,mouse
314000000,-38.706,27.04265,mouse
486000000,-39.5534,27.76699,mouse
498000000,-39.5459,28.08781,mouse
315000000,-38.5612,27.34558,mouse
483000000,-39.1051,27.39411,mouse
486000000,-37.6688,30.52062,mouse
527000000,-31.5206,26.74689,mouse
583000000,-36.2103,26.64547,mouse
583000000,-35.1221,26.99313,mouse
529000000,-40.6007,29.05755,mouse
581000000,-32.2406,28.35334,mouse
567000000,-32.0363,28.51787,mouse
579000000,-32.0286,30.25658,mouse
577000000,-32.1403,27.73793,mouse
579000000,-40.2276,27.08127,mouse
580000000,-35.0875,26.9257,mouse
486000000,-31.483,28.84244,mouse
481000000,-31.3838,29.55459,mouse
578000000,-39.7259,30.28516,mouse
559000000,-37.5705,26.5856,mouse
483000000,-39.2807,26.77906,mouse
570000000,-32.1594,29.74656,mouse
593000000,-32.3106,29.92754,mouse
470000000,-39.8064,27.91517,mouse
490000000,-38.5227,26.66736,mouse
586000000,-35.6117,25.94567,mouse
561000000,-37.0652,29.75752,mouse
565000000,-36.4718,26.7627,mouse
476000000,-35.1399,27.98325,mouse
593000000,-32.3919,28.60161,mouse
383000000,-38.8158,26.70181,mouse
519000000,-35.3414,25.99395,mouse
326000000,-40.6032,28.47037,mouse
504000000,-35.9879,26.15299,mouse
584000000,-35.5278,28.5479,mouse
487000000,-35.5077,26.97908,mouse
488000000,-32.1747,29.30638,mouse
489000000,-37.3408,30.18262,mouse
563000000,-35.1855,26.15842,mouse
579000000,-38.1452,27.02587,mouse
481000000,-37.9422,27.89833,mouse
490000000,-38.4738,27.81114,mouse
569000000,-38.8299,28.30581,mouse
523000000,-31.241,26.5217,mouse
474000000,-34.5023,26.38736,mouse
479000000,-39.2696,29.31949,mouse
481000000,-31.682,29.17238,mouse
488000000,-31.8184,30.39226,mouse
475000000,-40.0674,27.67721,mouse
618000000,-34.786,28.63757,mouse
489000000,-31.3178,29.5482,mouse
555000000,-32.2263,30.48794,mouse
563000000,-39.9747,28.63725,mouse
580000000,-39.4183,26.6181,mouse
577000000,-35.9059,27.1749,mouse
547000000,-34.8353,28.55032,mouse
571000000,-35.8165,27.6588,mouse
505000000,-38.6183,29.88807,mouse
585000000,-36.1499,26.34861,mouse
585000000,-40.7361,29.73002,mouse
486000000,-38.4077,27.89939,mouse
488000000,-32.5066,30.25412,mouse
573000000,-36.5577,28.18142,mouse
584000000,-35.3288,28.58082,mouse
490000000,-31.386,29.93246,mouse
509000000,-36.7203,27.30071,mouse
486000000,-37.9884,28.95093,mouse
314000000,-35.6233,28.5812,mouse
593000000,-33.0212,26.78794,mouse
569000000,-38.2124,26.98092,mouse
488000000,-38.0848,29.19785,mouse
468000000,-38.1791,27.10202,mouse
576000000,-35.6197,25.95031,mouse
571000000,-35.7957,27.68371,mouse
573000000,-38.3468,29.92551,mouse
579000000,-32.4219,30.13487,mouse
491000000,-37.8029,27.31512,mouse
479000000,-31.476,26.14661,mouse
489000000,-32.6423,30.6669,mouse
490000000,-35.4458,27.94004,mouse
570000000,-40.1088,29.40748,mouse
623000000,-37.9277,30.41039,mouse
337000000,-31.7549,30.09558,mouse
490000000,-38.1811,27.66565,mouse
556000000,-35.7659,29.03054,mouse
589000000,-37.2845,28.40476,mouse
567000000,-31.6139,25.97237,mouse
626000000,-40.2488,28.43105,mouse
468000000,-39.7005,27.91884,mouse
486000000,-38.2802,27.5524,mouse
489000000,-39.2186,27.99719,mouse
489000000,-31.9577,28.83597,mouse
480000000,-31.4616,28.98808,mouse
567000000,-35.1711,26.9628,mouse
479000000,-40.2363,28.31853,mouse
554000000,-31.2004,26.75917,mouse
573000000,-38.039,28.74819,mouse
557000000,-31.9382,26.58754,mouse
488000000,-37.1468,27.47073,mouse
479000000,-39.3906,29.82282,mouse
557000000,-38.5819,28.09127,mouse
623000000,-34.8915,28.06546,mouse
481000000,-32.1296,26.46043,mouse
488000000,-31.3562,30.24186,mouse
490000000,-32.3171,30.12074,mouse
555000000,-35.3012,27.99156,mouse
624000000,-40.6773,29.69453,mouse
330000000,-38.4112,27.34831,mouse
477000000,-37.9876,27.74788,mouse
590000000,-38.0204,30.6266,mouse
315000000,-39.9118,27.89212,mouse
586000000,-32.2219,29.92849,mouse
386000000,-39.8805,29.07275,mouse
597000000,-34.7692,26.38043,mouse
624000000,-35.4158,28.45115,mouse
488000000,-37.5783,28.90723,mouse
567000000,-35.7297,26.55031,mouse
491000000,-34.7019,27.02557,mouse
591000000,-34.7391,28.88391,mouse
567000000,-36.075,29.20288,mouse
503000000,-40.0625,27.91758,mouse
502000000,-35.6261,28.52422,mouse
486000000,-31.5197,30.14989,mouse
517000000,-32.5951,29.96582,mouse
563000000,-34.4911,26.4703,mouse
397000000,-31.1024,26.78132,mouse
314000000,-31.6073,29.81867,mouse
470000000,-38.5631,26.46105,mouse
580000000,-32.3962,29.48188,mouse
479000000,-38.5945,29.84375,mouse
561000000,-31.8393,26.12904,mouse
566000000,-32.2353,28.53018,mouse
576000000,-33.2726,28.21501,mouse
589000000,-40.086,29.01359,mouse
510000000,-38.0579,28.29029,mouse
583000000,-35.5458,26.22235,mouse
576000000,-35.4104,27.36598,mouse
571000000,-35.4843,26.8447,mouse
476000000,-39.1986,27.93453,mouse
480000000,-31.5018,30.08065,mouse
514000000,-38.7425,29.8372,mouse
490000000,-38.4643,27.21889,mouse
466000000,-38.1506,27.45048,mouse
488000000,-37.567,27.60769,mouse
479000000,-35.719,28.91239,mouse
483000000,-31.4047,30.08279,mouse
497000000,-39.9363,27.25118,mouse
488000000,-37.2583,27.97076,mouse
485000000,-31.4258,30.12356,mouse
488000000,-31.8259,28.89894,mouse
480000000,-38.2846,29.21582,mouse
517000000,-35.3983,27.48029,mouse
486000000,-36.5038,26.82577,mouse
566000000,-35.0073,26.34628,mouse
486000000,-37.4441,30.31771,mouse
479000000,-36.9697,26.91781,mouse
481000000,-38.7972,28.1205,mouse
478000000,-39.7948,29.13774,mouse
553000000,-37.0637,26.76439,mouse
570000000,-35.1704,28.28711,mouse
578000000,-36.7106,28.05021,mouse
479000000,-31.8112,30.05434,mouse
568000000,-32.1325,30.35037,mouse
570000000,-32.2914,29.73629,mouse
584000000,-32.4698,30.45145,mouse
323000000,-32.1775,30.59814,mouse
569000000,-31.9085,26.18932,mouse
322000000,-39.8483,28.20344,mouse
566000000,-39.6825,27.18671,mouse
574000000,-32.2576,29.75863,mouse
485000000,-37.3822,28.96063,mouse
485000000,-32.1476,28.29613,mouse
483000000,-39.0468,27.44822,mouse
567000000,-35.5728,28.30532,mouse
555000000,-32.4274,30.55486,mouse
533000000,-40.2798,29.44562,mouse
583000000,-35.322,26.428,mouse
483000000,-35.6569,28.82416,mouse
501000000,-38.9019,28.09139,mouse
570000000,-35.3808,27.88549,mouse
584000000,-31.6115,27.1747,mouse
504000000,-31.1541,26.81255,mouse
323000000,-33.2617,29.91776,mouse
580000000,-31.1494,26.72041,mouse
580000000,-32.6828,28.42268,mouse
587000000,-34.8436,28.80086,mouse
476000000,-37.3419,28.69401,mouse
603000000,-39.3084,29.90919,mouse
576000000,-35.4566,26.10492,mouse
482000000,-32.0234,30.74589,mouse
569000000,-37.411,30.07026,mouse
476000000,-35.6476,28.52947,mouse
314000000,-32.88,30.21662,mouse
329000000,-35.3811,29.51431,mouse
606000000,-38.8057,27.88697,mouse
591000000,-37.2084,28.20962,mouse
324000000,-39.8575,28.57244,mouse
488000000,-36.4813,29.28705,mouse
525000000,-35.0084,28.68601,mouse
565000000,-37.3222,30.25144,mouse
576000000,-35.1083,27.63084,mouse
603000000,-37.6683,28.08897,mouse
570000000,-37.2903,30.23315,mouse
510000000,-35.3611,26.30624,mouse
321000000,-40.2814,29.15522,mouse
471000000,-32.6041,30.22628,mouse
480000000,-40.0091,27.80074,mouse
564000000,-35.4689,26.09097,mouse
585000000,-36.1423,28.68998,mouse
515000000,-35.355,26.34314,mouse
509000000,-36.9259,29.00618,mouse
593000000,-35.2254,26.60616,mouse
475000000,-35.9051,27.79795,mouse
485000000,-32.8459,28.42956,mouse
570000000,-35.2488,28.56657,mouse
397000000,-35.6723,29.35289,mouse
539000000,-31.3463,26.50615,mouse
570000000,-31.9084,26.2603,mouse
555000000,-32.0182,26.70341,mouse
486000000,-37.263,26.95482,mouse
327000000,-31.9304,26.34867,mouse
606000000,-31.9635,26.13133,mouse
474000000,-33.1862,29.49262,mouse
486000000,-39.0411,28.26453,mouse
591000000,-31.7372,30.00009,mouse
486000000,-38.823,27.88536,mouse
579000000,-40.1078,27.87141,mouse
477000000,-35.9573,29.32155,mouse
488000000,-37.5587,29.00871,mouse
323000000,-35.1465,28.59798,mouse
485000000,-36.9852,26.79839,mouse
480000000,-37.4241,30.29772,mouse
586000000,-36.5642,26.98314,mouse
502000000,-38.2824,27.59126,mouse
468000000,-39.8146,28.2727,mouse
396000000,-39.6632,28.14906,mouse
562000000,-31.9288,26.74142,mouse
574000000,-32.2793,29.55835,mouse
599000000,-38.6836,28.34562,mouse
489000000,-36.7839,28.40404,mouse
476000000,-35.386,26.14805,mouse
481000000,-39.1267,27.97089,mouse
628000000,-40.225,29.02064,mouse
397000000,-39.9379,28.37507,mouse
527000000,-38.7115,29.09076,mouse
560000000,-35.2112,26.6274,mouse
509000000,-38.443,30.62301,mouse
574000000,-39.0812,29.53162,mouse
571000000,-31.8043,28.81321,mouse
565000000,-34.7102,26.28349,mouse
598000000,-31.9974,28.85941,mouse
562000000,-32.1895,30.19558,mouse
502000000,-40.3387,28.18374,mouse
476000000,-39.4762,29.47095,mouse
488000000,-38.3284,29.50645,mouse
483000000,-38.7534,29.80463,mouse
489000000,-31.2493,26.5151,mouse
486000000,-37.4736,26.58324,mouse
557000000,-37.3611,29.85104,mouse
560000000,-37.5177,29.02213,mouse
322000000,-31.6002,30.33107,mouse
502000000,-38.1343,27.62406,mouse
563000000,-31.7515,26.05896,mouse
566000000,-31.388,26.97997,mouse
510000000,-40.4219,29.50936,mouse
485000000,-40.1518,28.80649,mouse
502000000,-39.7984,29.12345,mouse
518000000,-38.5087,27.04315,mouse
567000000,-38.5283,28.19402,mouse
477000000,-34.8182,27.83353,mouse
561000000,-34.9249,27.67743,mouse
354000000,-38.447,28.84798,mouse
488000000,-37.4724,27.47492,mouse
536000000,-35.2285,26.35312,mouse
567000000,-31.8812,26.62666,mouse
475000000,-35.2669,28.11566,mouse
485000000,-35.68,28.61133,mouse
326000000,-40.2433,29.12515,mouse
586000000,-35.4895,26.07612,mouse
486000000,-37.4314,30.21165,mouse
573000000,-38.2812,26.78259,mouse
515000000,-35.0132,26.26117,mouse
562000000,-32.8012,30.54387,mouse
571000000,-39.1119,28.58051,mouse
528000000,-39.099,29.31426,mouse
483000000,-34.9779,27.57824,mouse
566000000,-31.1657,26.69746,mouse
489000000,-32.7497,30.43703,mouse
486000000,-36.4796,28.257,mouse
487000000,-34.7722,26.88611,mouse
577000000,-32.7742,30.0677,mouse
579000000,-31.2824,30.0512,mouse
501000000,-37.4617,27.78923,mouse
561000000,-35.5683,26.51968,mouse
586000000,-34.442,27.99253,mouse
350000000,-39.5976,28.29201,mouse
528000000,-39.6728,30.00707,mouse
488000000,-32.3815,30.1583,mouse
490000000,-34.0291,28.03403,mouse
567000000,-35.7758,28.35901,mouse
517000000,-34.9778,28.71186,mouse
570000000,-35.7218,27.2335,mouse
562000000,-35.4695,28.88884,mouse
563000000,-31.6941,26.29927,mouse
514000000,-38.5425,26.66813,mouse
592000000,-32.1557,30.49244,mouse
397000000,-38.6649,27.65568,mouse
491000000,-37.9806,30.62371,mouse
559000000,-40.087,28.45794,mouse
480000000,-38.3841,28.23484,mouse
334000000,-32.2399,29.9533,mouse
572000000,-35.0863,26.16139,mouse
623000000,-37.7268,30.15404,mouse
474000000,-31.138,26.82849,mouse
397000000,-38.9687,28.09553,mouse
470000000,-32.0478,30.21134,mouse
397000000,-31.4831,29.88662,mouse
575000000,-39.2012,28.61693,mouse
535000000,-38.0835,27.44575,mouse
483000000,-31.2307,29.67256,mouse
483000000,-39.6805,28.40593,mouse
321000000,-32.1888,29.16292,mouse
507000000,-38.7386,27.48892,mouse
508000000,-36.6814,26.77586,mouse
487000000,-31.1472,26.75574,mouse
491000000,-38.1491,27.31837,mouse
520000000,-35.8645,28.02482,mouse
520000000,-36.1369,29.58673,mouse
486000000,-39.4797,28.15515,mouse
564000000,-31.3544,26.45505,mouse
472000000,-37.6142,29.03638,mouse
466000000,-38.3329,27.28057,mouse
475000000,-32.8174,29.88966,mouse
573000000,-37.6213,30.49321,mouse
609000000,-35.0923,28.33918,mouse
567000000,-31.3883,26.95786,mouse
511000000,-31.629,29.9819,mouse
491000000,-34.9246,28.0088,mouse
555000000,-38.4339,27.05117,mouse
397000000,-32.0807,29.79509,mouse
571000000,-35.9462,27.46623,mouse
571000000,-34.9803,26.51909,mouse
467000000,-36.8485,28.74793,mouse
569000000,-34.9058,27.61062,mouse
626000000,-36.7877,29.44503,mouse
483000000,-39.7753,28.42182,mouse
558000000,-39.1333,29.38108,mouse
583000000,-35.6192,26.50579,mouse
476000000,-35.1094,28.37067,mouse
479000000,-31.317,26.89397,mouse
583000000,-32.4432,30.45271,mouse
586000000,-33.3322,29.08396,mouse
557000000,-36.6299,27.33129,mouse
518000000,-37.8622,28.19698,mouse
314000000,-36.9006,29.71417,mouse
484000000,-35.2922,28.10827,mouse
516000000,-37.6859,26.66521,mouse
486000000,-39.8913,29.64805,mouse
480000000,-35.1668,26.74381,mouse
491000000,-31.4579,29.90647,mouse
558000000,-36.5904,27.04264,mouse
587000000,-31.8,27.95529,mouse
486000000,-37.8038,27.86089,mouse
565000000,-35.7995,27.72459,mouse
328000000,-31.9043,26.43526,mouse
562000000,-31.5622,26.10695,mouse
330000000,-32.5246,30.73922,mouse
491000000,-39.7863,28.1571,mouse
589000000,-39.244,27.41489,mouse
587000000,-35.055,28.76305,mouse
557000000,-34.0295,26.55234,mouse
515000000,-31.9062,30.31314,mouse
571000000,-31.9545,28.80475,mouse
572000000,-31.8427,30.01678,mouse
530000000,-37.8851,28.0674,mouse
491000000,-37.5157,30.32146,mouse
476000000,-38.5719,27.43731,mouse
566000000,-40.429,29.85139,mouse
585000000,-40.6968,29.72173,mouse
315000000,-38.2286,29.4313,mouse
485000000,-39.7903,29.19713,mouse
527000000,-40.4597,29.50603,mouse
506000000,-40.3447,28.32193,mouse
478000000,-35.5817,26.98964,mouse
486000000,-37.4035,30.19306,mouse
567000000,-38.7464,28.91721,mouse
329000000,-34.8881,28.51165,mouse
570000000,-33.3271,28.18353,mouse
485000000,-38.5479,26.67081,mouse
536000000,-34.9088,27.53891,mouse
508000000,-38.3139,29.40195,mouse
322000000,-31.6808,30.07619,mouse
480000000,-39.7512,29.53449,mouse
483000000,-31.7479,28.30017,mouse
501000000,-37.9074,27.09044,mouse
486000000,-39.1314,27.65627,mouse
485000000,-31.3253,29.52102,mouse
515000000,-39.8425,27.8384,mouse
522000000,-39.6342,29.56978,mouse
570000000,-31.7486,29.86626,mouse
371000000,-39.2548,27.95253,mouse
531000000,-32.0861,29.89383,mouse
558000000,-35.1627,26.96698,mouse
585000000,-33.8142,26.64391,mouse
563000000,-34.6035,26.6161,mouse
321000000,-31.9552,30.20494,mouse
564000000,-35.6731,25.89702,mouse
483000000,-31.121,26.84018,mouse
572000000,-35.4563,27.93302,mouse
576000000,-35.3606,26.1369,mouse
565000000,-35.1458,27.14445,mouse
574000000,-34.8246,28.84727,mouse
502000000,-40.1056,29.54318,mouse
485000000,-37.3706,28.8881,mouse
324000000,-38.343,29.91857,mouse
314000000,-37.4481,28.44344,mouse
475000000,-31.2424,26.768,mouse
583000000,-36.0035,26.31343,mouse
572000000,-32.3252,30.20073,mouse
574000000,-39.3159,28.27233,mouse
585000000,-40.4394,29.91816,mouse
321000000,-39.2932,28.86265,mouse
557000000,-39.5453,29.54412,mouse
525000000,-34.8736,26.2145,mouse
530000000,-40.4954,29.52823,mouse
565000000,-31.7969,27.96918,mouse
510000000,-40.6107,29.56011,mouse
503000000,-38.3878,27.66812,mouse
314000000,-31.6277,28.47522,mouse
567000000,-31.4326,26.32292,mouse
478000000,-31.3036,27.28822,mouse
324000000,-37.2655,29.35292,mouse
594000000,-31.4406,26.11301,mouse
595000000,-35.8405,27.25069,mouse
470000000,-38.9143,28.49644,mouse
487000000,-31.3362,29.69354,mouse
518000000,-40.2419,28.7709,mouse
476000000,-32.5614,29.06484,mouse
486000000,-32.2869,30.56766,mouse
486000000,-38.2954,27.19206,mouse
355000000,-37.7326,26.78588,mouse
569000000,-32.1483,30.53314,mouse
475000000,-34.931,26.3288,mouse
476000000,-32.5125,28.8524,mouse
486000000,-37.4529,26.81377,mouse
483000000,-36.1423,28.57674,mouse
476000000,-38.0729,26.7491,mouse
583000000,-33.9443,28.07324,mouse
561000000,-39.6155,27.83985,mouse
490000000,-31.317,29.52428,mouse
581000000,-37.3508,30.28963,mouse
480000000,-39.2744,29.59841,mouse
488000000,-31.7328,30.32956,mouse
479000000,-39.5043,27.1235,mouse
592000000,-35.1317,26.12006,mouse
491000000,-40.143,27.97563,mouse
555000000,-32.3582,26.34707,mouse
318000000,-35.4945,27.81729,mouse
561000000,-35.8684,26.24927,mouse
561000000,-34.879,28.32074,mouse
559000000,-39.0881,28.4661,mouse
488000000,-31.4431,29.25634,mouse
516000000,-36.7783,27.39789,mouse
349000000,-39.5564,29.06594,mouse
563000000,-39.2508,26.7155,mouse
573000000,-36.4584,26.9608,mouse
491000000,-35.9615,27.03546,mouse
564000000,-37.1177,27.61744,mouse
518000000,-38.6539,29.91829,mouse
489000000,-32.6931,30.27515,mouse
572000000,-34.8295,28.77213,mouse
479000000,-39.268,29.67006,mouse
488000000,-39.1936,27.48154,mouse
589000000,-40.06,27.60749,mouse
480000000,-39.143,28.07661,mouse
481000000,-31.377,30.14273,mouse
510000000,-40.6977,29.77701,mouse
322000000,-36.4643,29.49089,mouse
489000000,-31.9909,30.43102,mouse
587000000,-34.7251,28.81676,mouse
510000000,-40.4802,29.20628,mouse
489000000,-32.003,29.31545,mouse
586000000,-31.2401,26.3715,mouse
520000000,-32.1736,29.69303,mouse
476000000,-31.4412,30.36741,mouse
514000000,-40.002,27.42307,mouse
556000000,-39.4448,27.12828,mouse
567000000,-31.5059,26.05673,mouse
567000000,-32.1402,29.33883,mouse
527000000,-31.5021,26.56105,mouse
476000000,-39.5083,28.72117,mouse
570000000,-36.0829,29.12596,mouse
490000000,-38.0099,28.70321,mouse
563000000,-39.4468,26.88584,mouse
565000000,-35.6332,27.34572,mouse
579000000,-36.4069,27.72139,mouse
608000000,-36.6514,27.39557,mouse
471000000,-37.7505,29.64205,mouse
476000000,-32.356,28.456,mouse
503000000,-40.1527,29.25333,mouse
606000000,-32.2501,30.33374,mouse
576000000,-35.6607,28.29591,mouse
583000000,-35.057,26.07092,mouse
476000000,-40.1823,28.3391,mouse
581000000,-31.6381,26.15392,mouse
489000000,-37.3592,30.17234,mouse
470000000,-39.2569,27.29236,mouse
489000000,-33.3818,30.24634,mouse
556000000,-37.4037,28.17141,mouse
580000000,-40.5522,29.72032,mouse
510000000,-38.5082,28.77435,mouse
518000000,-39.7456,29.46796,mouse
531000000,-35.4751,26.16439,mouse
486000000,-39.8213,28.69789,mouse
326000000,-39.616,28.83195,mouse
527000000,-31.5614,26.09907,mouse
517000000,-39.6879,28.68921,mouse
518000000,-39.5855,28.22514,mouse
481000000,-38.3914,29.85292,mouse
557000000,-39.5874,29.46195,mouse
554000000,-35.4836,26.02231,mouse
568000000,-34.8896,25.9186,mouse
486000000,-36.7012,27.0696,mouse
567000000,-35.0411,27.62555,mouse
561000000,-33.3688,28.1794,mouse
580000000,-39.7862,29.20284,mouse
593000000,-32.0494,28.0949,mouse
606000000,-31.4042,26.98485,mouse
502000000,-36.6398,27.12039,mouse
606000000,-31.7113,26.21231,mouse
490000000,-32.5393,29.47293,mouse
476000000,-34.6064,27.98308,mouse
562000000,-40.5514,28.7982,mouse
473000000,-39.6946,27.99543,mouse
488000000,-38.7739,27.62767,mouse
569000000,-37.9885,28.1861,mouse
470000000,-38.8214,26.74012,mouse
571000000,-33.3241,28.19671,mouse
490000000,-37.989,27.06828,mouse
586000000,-33.2949,28.96222,mouse
592000000,-35.913,28.36623,mouse
324000000,-38.6586,27.58291,mouse
485000000,-35.7529,29.10485,mouse
557000000,-37.1115,28.89455,mouse
476000000,-36.9779,28.49021,mouse
555000000,-35.3493,27.31841,mouse
488000000,-40.1454,28.35186,mouse
589000000,-37.7534,30.16172,mouse
486000000,-37.6486,30.49252,mouse
478000000,-38.9509,29.61673,mouse
502000000,-37.0934,29.00514,mouse
471000000,-38.7458,30.5494,mouse
477000000,-37.7217,27.94732,mouse
564000000,-31.5544,26.7198,mouse
527000000,-31.6297,26.3948,mouse
489000000,-32.8904,28.34679,mouse
563000000,-32.4981,28.02834,mouse
570000000,-31.811,28.99403,mouse
604000000,-38.975,27.01727,mouse
481000000,-35.1526,28.20806,mouse
396000000,-32.2816,29.02506,mouse
575000000,-31.1797,26.67057,mouse
470000000,-39.1881,27.69737,mouse
506000000,-40.1605,29.48497,mouse
326000000,-36.4799,29.48606,mouse
322000000,-39.4923,28.06385,mouse
556000000,-36.0141,29.18753,mouse
488000000,-38.7959,28.11363,mouse
471000000,-31.7861,30.63268,mouse
488000000,-37.6219,30.03827,mouse
579000000,-31.9326,30.57478,mouse
517000000,-38.3181,27.6512,mouse
580000000,-39.1712,30.17142,mouse
567000000,-31.8572,29.56904,mouse
314000000,-32.8929,30.28801,mouse
324000000,-31.4531,29.3572,mouse
507000000,-39.829,27.77227,mouse
579000000,-36.8925,28.49479,mouse
603000000,-38.9563,30.4067,mouse
502000000,-35.2383,27.9246,mouse
603000000,-39.3014,30.25317,mouse
579000000,-39.9056,27.3338,mouse
586000000,-34.6725,26.34779,mouse
476000000,-33.1801,29.53879,mouse
486000000,-37.459,30.30167,mouse
478000000,-38.3881,27.22035,mouse
478000000,-38.7454,26.95176,mouse
609000000,-32.0718,30.33577,mouse
574000000,-35.5105,26.57034,mouse
466000000,-34.5084,28.02114,mouse
315000000,-39.7879,29.36124,mouse
569000000,-32.7532,29.66297,mouse
485000000,-38.5931,27.28469,mouse
565000000,-37.433,30.34032,mouse
555000000,-34.9513,28.70519,mouse
563000000,-36.8866,27.44711,mouse
491000000,-38.1468,30.69972,mouse
341000000,-31.5828,29.10693,mouse
480000000,-39.0662,29.90252,mouse
483000000,-33.0431,29.8295,mouse
573000000,-39.5348,27.16568,mouse
584000000,-39.607,29.92677,mouse
322000000,-32.0625,29.7614,mouse
571000000,-31.5809,29.45813,mouse
468000000,-38.9295,27.48482,mouse
487000000,-38.6992,29.78196,mouse
557000000,-31.4173,26.5663,mouse
489000000,-35.3224,28.12339,mouse
585000000,-31.5605,26.6134,mouse
397000000,-31.4503,29.14623,mouse
324000000,-33.2238,30.13642,mouse
320000000,-31.5462,28.83203,mouse
480000000,-32.9763,30.45338,mouse
481000000,-40.6068,28.57491,mouse
532000000,-37.0067,27.84637,mouse
504000000,-39.8382,29.45194,mouse
573000000,-39.2397,28.88463,mouse
475000000,-32.3943,29.12199,mouse
570000000,-34.8141,27.24884,mouse
580000000,-40.2102,27.23813,mouse
483000000,-39.3561,29.56996,mouse
489000000,-37.0339,28.35677,mouse
464000000,-32.0002,29.55737,mouse
485000000,-37.36,30.17641,mouse
481000000,-34.3953,26.54668,mouse
562000000,-32.5009,30.10268,mouse
334000000,-31.6354,29.29307,mouse
570000000,-31.3546,26.31683,mouse
565000000,-33.1807,26.79411,mouse
562000000,-35.8647,27.80701,mouse
517000000,-34.6751,28.59813,mouse
575000000,-35.0183,27.8162,mouse
589000000,-36.4247,28.74091,mouse
470000000,-37.2792,26.82934,mouse
593000000,-36.6313,27.9682,mouse
481000000,-37.5553,26.49566,mouse
593000000,-35.5077,26.87143,mouse
486000000,-39.4792,30.0569,mouse
329000000,-34.6979,28.83116,mouse
491000000,-37.2614,30.19311,mouse
476000000,-39.2731,29.45033,mouse
569000000,-31.2947,26.80536,mouse
480000000,-37.6673,27.02586,mouse
511000000,-39.3072,28.98756,mouse
488000000,-37.4493,27.64255,mouse
487000000,-38.9532,27.60261,mouse
557000000,-36.4223,26.74164,mouse
567000000,-31.4739,27.133,mouse
569000000,-39.2099,30.33305,mouse
490000000,-37.222,29.15166,mouse
397000000,-38.6519,27.63469,mouse
485000000,-32.0049,30.62252,mouse
511000000,-39.2254,27.64655,mouse
522000000,-35.9426,27.25214,mouse
555000000,-31.8124,26.48484,mouse
589000000,-36.5314,27.17157,mouse
527000000,-40.0262,28.78528,mouse
324000000,-34.7165,27.81979,mouse
397000000,-38.687,26.8066,mouse
585000000,-34.9706,27.80817,mouse
558000000,-39.5943,28.88179,mouse
583000000,-35.248,28.51085,mouse
470000000,-39.0671,26.92437,mouse
571000000,-32.1227,30.2173,mouse
486000000,-38.3911,29.70639,mouse
565000000,-36.8656,28.9493,mouse
327000000,-35.0247,26.96509,mouse
558000000,-39.1899,29.20358,mouse
487000000,-31.2506,29.93114,mouse
522000000,-37.1919,28.65742,mouse
475000000,-35.8536,29.11721,mouse
486000000,-37.9996,27.28573,mouse
502000000,-40.3462,28.82891,mouse
569000000,-33.8318,26.62565,mouse
481000000,-39.7147,30.26067,mouse
569000000,-35.6811,25.90395,mouse
474000000,-35.0257,27.80002,mouse
321000000,-32.0675,29.82982,mouse
488000000,-36.7748,29.30485,mouse
324000000,-35.8126,29.06086,mouse
483000000,-39.1559,27.2757,mouse
486000000,-38.8876,28.90323,mouse
566000000,-36.1025,29.12423,mouse
480000000,-37.3825,30.23278,mouse
485000000,-39.6714,28.52845,mouse
581000000,-36.892,27.25436,mouse
478000000,-31.2215,26.79325,mouse
559000000,-40.4412,28.30158,mouse
580000000,-40.4197,28.3469,mouse
487000000,-31.3335,29.95259,mouse
477000000,-38.8618,27.78724,mouse
480000000,-39.4173,29.0021,mouse
476000000,-39.8718,28.01007,mouse
502000000,-39.0377,27.34903,mouse
488000000,-39.1981,29.53996,mouse
479000000,-38.9025,27.78729,mouse
325000000,-37.8729,27.45886,mouse
476000000,-39.8153,30.27795,mouse
508000000,-36.7691,27.41889,mouse
501000000,-32.3126,30.24048,mouse
515000000,-39.9072,27.57257,mouse
476000000,-38.0301,28.18686,mouse
567000000,-31.6019,28.18775,mouse
485000000,-36.4218,27.95455,mouse
488000000,-31.9606,30.43729,mouse
563000000,-37.7237,28.56835,mouse
516000000,-40.2796,29.48026,mouse
483000000,-39.1736,28.91673,mouse
486000000,-37.6105,30.31448,mouse
558000000,-40.2344,28.95091,mouse
476000000,-35.9911,29.63805,mouse
475000000,-35.8552,27.6708,mouse
563000000,-35.0017,26.15225,mouse
480000000,-39.2538,29.75009,mouse
578000000,-38.1812,26.85646,mouse
555000000,-31.6984,28.24705,mouse
565000000,-36.5434,26.76482,mouse
512000000,-40.5594,29.58095,mouse
488000000,-32.0495,30.37314,mouse
467000000,-37.9563,27.7751,mouse
573000000,-32.575,29.62367,mouse
464000000,-34.1511,28.38574,mouse
525000000,-38.8182,26.72432,mouse
537000000,-40.3664,28.62876,mouse
520000000,-40.7169,29.40501,mouse
596000000,-31.8406,28.86762,mouse
569000000,-34.0051,28.04651,mouse
546000000,-37.8762,26.02622,mouse
561000000,-37.8641,28.08575,mouse
529000000,-39.7777,29.16686,mouse
530000000,-39.8528,29.47919,mouse
532000000,-32.9866,29.89648,mouse
530000000,-39.4574,28.83326,mouse
488000000,-38.8644,28.9237,mouse
617000000,-36.088,28.4742,mouse
602000000,-37.2952,30.01785,mouse
568000000,-39.3647,27.70339,mouse
542000000,-36.4939,27.77137,mouse
532000000,-32.2101,29.17479,mouse
528000000,-35.9033,28.60365,mouse
596000000,-36.527,27.80017,mouse
530000000,-31.8176,30.28241,mouse
540000000,-31.7763,27.97241,mouse
489000000,-38.5671,28.21733,mouse
508000000,-40.6136,29.57001,mouse
602000000,-35.2189,26.61436,mouse
518000000,-36.8402,28.79187,mouse
596000000,-34.7454,26.94856,mouse
528000000,-39.5841,28.47908,mouse
488000000,-36.5621,27.83668,mouse
529000000,-32.5801,26.14901,mouse
571000000,-32.3451,28.65172,mouse
602000000,-36.9211,27.99794,mouse
508000000,-39.4152,26.60486,mouse
530000000,-32.3031,28.15143,mouse
576000000,-38.5258,29.86885,mouse
572000000,-31.7194,29.82931,mouse
588000000,-34.7405,26.36795,mouse
562000000,-39.6042,29.49816,mouse
529000000,-35.9606,27.61074,mouse
572000000,-34.4044,26.52104,mouse
532000000,-36.5749,27.86348,mouse
613000000,-40.1263,27.88192,mouse
508000000,-32.954,29.88292,mouse
508000000,-38.9653,27.78362,mouse
570000000,-39.4466,29.42498,mouse
572000000,-39.9517,28.59984,mouse
561000000,-31.8983,29.89866,mouse
530000000,-35.8691,28.05337,mouse
528000000,-39.8307,27.21955,mouse
540000000,-32.5457,30.16188,mouse
542000000,-33.1216,30.26168,mouse
520000000,-38.8449,26.94643,mouse
614000000,-38.8722,28.8897,mouse
488000000,-38.2252,28.44722,mouse
529000000,-36.6286,27.32322,mouse
529000000,-39.5342,29.66406,mouse
488000000,-39.4169,27.15261,mouse
508000000,-40.5358,29.73951,mouse
615000000,-40.6155,29.07028,mouse
644000000,-32.8391,30.20157,mouse
530000000,-38.5668,26.4561,mouse
532000000,-33.2259,28.72083,mouse
508000000,-38.4084,29.4981,mouse
644000000,-31.545,29.09362,mouse
530000000,-39.0729,27.65574,mouse
537000000,-38.5214,27.41936,mouse
508000000,-31.8256,28.04481,mouse
548000000,-37.7669,27.16541,mouse
561000000,-39.4353,28.10799,mouse
525000000,-33.0382,29.99823,mouse
571000000,-38.3567,27.66758,mouse
569000000,-37.8705,26.0313,mouse
571000000,-35.3543,26.15544,mouse
548000000,-36.0845,29.15336,mouse
540000000,-37.8657,28.095,mouse
532000000,-37.8834,26.03744,mouse
540000000,-39.9005,28.56619,mouse
529000000,-39.5332,29.63581,mouse
530000000,-38.0882,29.21246,mouse
545000000,-35.9581,29.32555,mouse
508000000,-40.4334,29.2475,mouse
529000000,-39.2642,27.28622,mouse
588000000,-32.4492,30.2502,mouse
572000000,-35.071,28.21399,mouse
529000000,-38.7666,27.79018,mouse
561000000,-32.1056,30.01532,mouse
508000000,-36.7525,26.76595,mouse
527000000,-35.0062,28.27677,mouse
571000000,-40.6009,29.56551,mouse
542000000,-34.4499,27.99724,mouse
588000000,-38.9578,28.51727,mouse
527000000,-38.0326,28.19073,mouse
614000000,-35.9826,29.60804,mouse
529000000,-39.9949,28.66628,mouse
528000000,-35.7834,26.14717,mouse
508000000,-36.5424,27.78973,mouse
528000000,-36.5635,28.85211,mouse
548000000,-38.5205,29.8915,mouse
529000000,-31.9452,29.11471,mouse
528000000,-40.1026,27.9635,mouse
548000000,-37.801,27.82733,mouse
520000000,-36.5458,27.84791,mouse
528000000,-40.249,29.71232,mouse
568000000,-40.2521,28.77571,mouse
644000000,-32.1229,30.28026,mouse
637000000,-32.2486,28.31185,mouse
545000000,-39.6056,27.32237,mouse
612000000,-34.1683,26.27108,mouse
561000000,-36.5375,27.82574,mouse
570000000,-38.5256,26.6635,mouse
542000000,-39.9178,29.06392,mouse
545000000,-39.4082,26.61181,mouse
576000000,-37.4908,27.46857,mouse
529000000,-36.6388,27.34001,mouse
545000000,-39.2469,26.54673,mouse
570000000,-38.8018,29.50045,mouse
576000000,-33.3277,29.09588,mouse
572000000,-39.8556,27.80096,mouse
576000000,-37.07,29.33787,mouse
613000000,-40.5418,29.61124,mouse
542000000,-39.5417,27.75755,mouse
572000000,-40.0936,29.54031,mouse
548000000,-37.8426,28.41158,mouse
615000000,-39.9535,29.03176,mouse
637000000,-35.032,27.83889,mouse
532000000,-37.6508,30.49248,mouse
529000000,-40.1278,29.59465,mouse
548000000,-37.6066,28.93205,mouse
518000000,-38.2767,27.57188,mouse
542000000,-32.6253,30.06403,mouse
568000000,-40.1731,29.27492,mouse
521000000,-39.6604,28.51551,mouse
508000000,-40.0443,28.70528,mouse
540000000,-31.9001,26.25331,mouse
548000000,-40.1987,27.10835,mouse
542000000,-36.4167,27.67864,mouse
540000000,-40.2858,29.71449,mouse
528000000,-37.2705,28.38401,mouse
532000000,-40.1557,27.1168,mouse
540000000,-39.289,29.63859,mouse
529000000,-39.7029,27.49165,mouse
570000000,-33.8097,26.63161,mouse
530000000,-32.0436,28.07155,mouse
561000000,-37.5244,26.69317,mouse
525000000,-37.8754,26.03332,mouse
571000000,-38.4995,29.86231,mouse
614000000,-38.105,29.19148,mouse
542000000,-39.5679,26.97428,mouse
588000000,-37.0162,27.89561,mouse
530000000,-38.9835,26.80721,mouse
548000000,-38.4349,29.77252,mouse
542000000,-37.8714,30.62371,mouse
540000000,-38.0669,28.20448,mouse
570000000,-39.2396,26.70796,mouse
542000000,-32.2875,28.15526,mouse
529000000,-36.697,26.94158,mouse
540000000,-39.8272,28.25738,mouse
588000000,-34.4053,26.50823,mouse
530000000,-38.9071,28.10562,mouse
546000000,-35.0292,27.80246,mouse
506000000,-36.7593,28.06658,mouse
529000000,-38.5621,28.19306,mouse
542000000,-39.9146,29.06612,mouse
576000000,-38.0586,28.68778,mouse
572000000,-35.3908,29.5121,mouse
562000000,-31.8851,30.30512,mouse
527000000,-38.7337,30.56179,mouse
529000000,-34.4934,28.01557,mouse
572000000,-36.5436,27.79029,mouse
508000000,-39.727,27.13735,mouse
572000000,-40.2078,27.10117,mouse
528000000,-32.0091,30.23086,mouse
528000000,-32.3269,30.22768,mouse
612000000,-33.1695,29.01329,mouse
530000000,-39.2843,28.87087,mouse
596000000,-33.6782,28.16226,mouse
520000000,-34.3223,27.18586,mouse
508000000,-34.3306,27.17226,mouse
529000000,-40.2177,28.41763,mouse
508000000,-40.3382,28.63354,mouse
508000000,-34.999,28.72176,mouse
508000000,-32.1362,27.74736,mouse
571000000,-39.4736,28.83631,mouse
528000000,-39.4129,30.04946,mouse
596000000,-36.5592,27.78405,mouse
545000000,-31.6081,29.56458,mouse
489000000,-33.1349,27.96855,mouse
508000000,-36.2334,28.00955,mouse
528000000,-31.3981,26.95885,mouse
571000000,-32.9801,29.90898,mouse
527000000,-39.6346,29.49659,mouse
540000000,-31.9251,30.65155,mouse
532000000,-39.5337,29.87008,mouse
545000000,-39.7489,28.78812,mouse
537000000,-37.8812,26.03219,mouse
528000000,-40.2446,28.34771,mouse
530000000,-36.7282,28.04339,mouse
613000000,-31.9325,26.35182,mouse
529000000,-38.8589,28.90659,mouse
572000000,-40.4389,29.90249,mouse
528000000,-35.8629,28.02608,mouse
542000000,-36.6345,27.96874,mouse
613000000,-39.4174,28.09537,mouse
521000000,-36.5077,27.82112,mouse
532000000,-40.298,29.42607,mouse
572000000,-39.3995,28.08591,mouse
528000000,-32.6831,30.40677,mouse
572000000,-40.0096,28.39827,mouse
508000000,-32.3623,30.50444,mouse
527000000,-37.289,28.3924,mouse
571000000,-39.0501,29.54101,mouse
508000000,-31.7902,27.97204,mouse
613000000,-35.9916,28.38419,mouse
527000000,-38.7501,30.55612,mouse
508000000,-39.4833,28.81428,mouse
570000000,-35.5315,26.43454,mouse
527000000,-33.1604,29.0098,mouse
613000000,-35.9302,27.20291,mouse
501000000,-36.4507,26.93533,mouse
561000000,-39.0357,27.13259,mouse
530000000,-36.379,27.91692,mouse
542000000,-33.3806,28.24792,mouse
528000000,-39.6014,29.92433,mouse
612000000,-40.3441,28.64617,mouse
613000000,-32.0695,26.17034,mouse
571000000,-37.2712,28.39741,mouse
518000000,-32.5257,28.86719,mouse
596000000,-35.8047,29.30499,mouse
561000000,-34.1662,26.275,mouse
518000000,-37.9637,28.75915,mouse
571000000,-39.9418,27.9419,mouse
529000000,-32.135,27.73835,mouse
572000000,-38.6982,27.81775,mouse
576000000,-31.3692,26.94461,mouse
530000000,-39.4339,27.13625,mouse
572000000,-37.5468,29.01071,mouse
644000000,-31.851,30.29,mouse
558000000,-35.8357,29.39061,mouse
530000000,-37.8923,28.13141,mouse
571000000,-32.6929,30.24098,mouse
528000000,-35.7776,26.15229,mouse
558000000,-38.774,28.91358,mouse
545000000,-34.9213,25.94715,mouse
588000000,-36.4444,27.67248,mouse
506000000,-38.6139,28.08017,mouse
568000000,-32.2831,28.15252,mouse
537000000,-39.8853,28.58181,mouse
572000000,-39.4315,29.65593,mouse
542000000,-38.8957,28.88713,mouse
508000000,-39.9868,27.43053,mouse
525000000,-36.7762,27.42734,mouse
571000000,-33.3659,29.12084,mouse
644000000,-32.3091,30.70758,mouse
530000000,-35.886,28.03916,mouse
537000000,-39.2992,30.25884,mouse
597000000,-31.6612,26.72605,mouse
528000000,-40.5996,29.04756,mouse
508000000,-38.3346,27.66392,mouse
571000000,-34.0275,28.03211,mouse
532000000,-39.1564,29.37182,mouse
528000000,-31.2135,29.66894,mouse
489000000,-35.4361,27.94123,mouse
615000000,-32.338,30.23792,mouse
508000000,-38.3469,29.90105,mouse
508000000,-40.173,28.92873,mouse
530000000,-36.534,27.80644,mouse
569000000,-37.0838,29.33934,mouse
570000000,-38.5066,29.88015,mouse
532000000,-37.3461,30.18854,mouse
562000000,-39.9667,29.61575,mouse
596000000,-34.7599,26.9208,mouse
545000000,-37.5955,30.41029,mouse
612000000,-34.9887,27.58332,mouse
545000000,-32.5086,30.19828,mouse
528000000,-32.4444,30.32072,mouse
528000000,-39.6183,29.55151,mouse
572000000,-39.1484,28.20036,mouse
488000000,-33.0131,29.93863,mouse
537000000,-39.1009,28.52757,mouse
572000000,-38.9722,28.27756,mouse
576000000,-34.7939,28.63837,mouse
540000000,-37.8414,30.05223,mouse
529000000,-37.1006,27.62539,mouse
527000000,-36.8545,27.23503,mouse
527000000,-40.0716,27.63765,mouse
572000000,-39.0043,27.10244,mouse
548000000,-32.17,30.48808,mouse
521000000,-36.5482,27.82156,mouse
540000000,-39.2998,30.24191,mouse
525000000,-37.9101,26.02454,mouse
529000000,-36.7493,28.04441,mouse
529000000,-32.0753,30.121,mouse
542000000,-38.8472,27.70095,mouse
548000000,-36.1428,28.10741,mouse
488000000,-32.1964,29.90683,mouse
529000000,-39.6045,28.93537,mouse
540000000,-39.2676,27.476,mouse
613000000,-36.8705,27.95331,mouse
570000000,-37.4731,27.48947,mouse
529000000,-32.1325,27.73338,mouse
489000000,-36.7007,26.95497,mouse
508000000,-35.7077,26.03275,mouse
520000000,-32.2427,28.9702,mouse
568000000,-37.369,30.18597,mouse
529000000,-39.5263,29.62716,mouse
540000000,-39.0308,27.11159,mouse
520000000,-40.0031,27.39007,mouse
542000000,-37.8644,26.01639,mouse
570000000,-39.7738,29.42139,mouse
508000000,-40.2959,29.14524,mouse
508000000,-38.0934,29.21855,mouse
537000000,-39.587,29.50436,mouse
508000000,-37.2305,28.08688,mouse
571000000,-40.7032,29.71785,mouse
508000000,-39.1625,28.32293,mouse
528000000,-39.5846,28.48601,mouse
528000000,-31.7712,27.96266,mouse
532000000,-37.4569,27.47926,mouse
530000000,-39.5244,27.17565,mouse
572000000,-40.2432,29.69174,mouse
542000000,-37.2354,28.41408,mouse
508000000,-39.2237,27.95872,mouse
520000000,-39.5635,27.76558,mouse
527000000,-37.8677,28.99002,mouse
520000000,-35.6679,26.02724,mouse
612000000,-39.2459,27.30643,mouse
530000000,-37.7998,28.98514,mouse
545000000,-35.4959,25.98368,mouse
617000000,-37.4503,27.68741,mouse
527000000,-32.1769,29.17412,mouse
596000000,-34.94,26.92326,mouse
530000000,-38.5239,28.75523,mouse
571000000,-38.0531,28.69453,mouse
548000000,-38.2722,27.12401,mouse
540000000,-37.0079,27.86637,mouse
520000000,-38.7632,28.33385,mouse
612000000,-35.3098,28.16916,mouse
542000000,-35.0541,28.6846,mouse
592000000,-39.6001,29.12203,mouse
521000000,-38.8816,28.09299,mouse
570000000,-40.619,28.49122,mouse
528000000,-32.6775,30.40982,mouse
537000000,-39.3598,27.38549,mouse
508000000,-34.329,27.17429,mouse
537000000,-31.3348,26.59523,mouse
528000000,-32.288,28.18205,mouse
572000000,-40.2486,28.21897,mouse
576000000,-35.8806,28.05672,mouse
592000000,-38.2517,28.64098,mouse
488000000,-34.4233,27.97302,mouse
572000000,-36.0534,29.50833,mouse
615000000,-39.4164,27.67851,mouse
548000000,-38.8178,27.59592,mouse
537000000,-37.7051,27.30236,mouse
508000000,-39.8188,29.05739,mouse
569000000,-35.8146,29.07431,mouse
529000000,-36.2542,28.0126,mouse
540000000,-34.2098,27.93648,mouse
540000000,-39.3541,29.80018,mouse
548000000,-37.8735,28.11813,mouse
488000000,-37.2682,28.39627,mouse
542000000,-39.0133,28.26347,mouse
576000000,-34.3937,26.41208,mouse
570000000,-32.8502,26.52762,mouse
528000000,-34.3887,27.257,mouse
532000000,-40.2061,27.11331,mouse
529000000,-38.152,28.06212,mouse
542000000,-33.2423,26.90876,mouse
542000000,-40.1897,27.12954,mouse
644000000,-34.1728,26.26699,mouse
530000000,-32.2529,29.57059,mouse
521000000,-33.3593,30.22849,mouse
562000000,-36.0009,28.30111,mouse
561000000,-32.3139,26.35029,mouse
596000000,-34.3492,27.18605,mouse
558000000,-35.9761,29.62422,mouse
576000000,-35.7775,29.07286,mouse
530000000,-36.2303,28.10567,mouse
569000000,-35.7829,29.0668,mouse
612000000,-33.1531,29.00688,mouse
530000000,-35.9148,28.35567,mouse
508000000,-32.1533,28.27876,mouse
568000000,-35.2554,27.91042,mouse
520000000,-34.4051,26.42225,mouse
572000000,-39.3119,27.82898,mouse
487000000,-37.7619,27.56101,mouse
488000000,-33.1089,29.34394,mouse
568000000,-40.5367,28.76782,mouse
530000000,-39.5629,29.63668,mouse
572000000,-35.9841,29.62315,mouse
540000000,-38.53,29.87079,mouse
530000000,-32.6287,28.34487,mouse
540000000,-38.7414,30.54551,mouse
542000000,-38.4743,28.70797,mouse
530000000,-39.02,27.1432,mouse
537000000,-31.8105,29.69612,mouse
570000000,-37.8525,26.07987,mouse
529000000,-32.1348,27.73107,mouse
545000000,-38.5445,29.65249,mouse
506000000,-38.9743,29.51571,mouse
529000000,-37.8498,28.08337,mouse
576000000,-38.706,27.17647,mouse
518000000,-32.6447,28.36773,mouse
612000000,-36.4725,28.23847,mouse
508000000,-34.176,26.77001,mouse
546000000,-39.1042,29.37693,mouse
528000000,-35.6824,27.33542,mouse
489000000,-39.9958,28.79447,mouse
561000000,-32.1402,30.68624,mouse
8155013,-31.7865,30.54449,NHP
6193639,-37.6149,26.59342,NHP
2897488,-31.831,28.01045,NHP
6219221,-39.584,27.84699,NHP
2224007,-39.0937,27.68596,NHP
1860444,-34.1573,26.28451,NHP
9266875,-32.0256,30.60156,NHP
3717930,-36.5574,27.85288,NHP
1812154,-34.1833,26.29018,NHP
3871442,-32.2332,29.38191,NHP
3168757,-39.5729,28.49507,NHP
3315344,-37.4116,30.27458,NHP
6353320,-34.1633,26.27566,NHP
6047132,-32.804,26.50463,NHP
8440701,-33.2167,30.12034,NHP
1471317,-39.8989,27.52176,NHP
1502987,-38.0295,28.90554,NHP
4221355,-37.8018,26.8894,NHP
7046620,-34.9052,25.96009,NHP
4415715,-32.263,29.58909,NHP
6013473,-38.4953,26.65158,NHP
7033088,-31.6074,29.59062,NHP
3424140,-35.1937,26.60831,NHP
3663241,-32.3683,28.6664,NHP
9069954,-32.0746,28.68157,NHP
9229701,-35.8563,28.03815,NHP
4101021,-32.1566,29.12402,NHP
5565833,-35.8904,29.31739,NHP
5984515,-39.463,29.36657,NHP
5916043,-38.5042,29.28442,NHP
6392431,-31.4201,29.09225,NHP
6945823,-32.1434,30.4761,NHP
4285879,-38.5597,27.38048,NHP
6365774,-31.3475,29.68643,NHP
3236796,-35.6673,25.87989,NHP
8606409,-32.8042,26.50961,NHP
2614677,-35.4363,29.46029,NHP
5884058,-35.3529,28.13024,NHP
1944276,-32.0754,28.254,NHP
7256120,-32.2476,29.57189,NHP
6537529,-40.5873,28.45869,NHP
5995315,-36.13,27.67998,NHP
3621020,-32.1613,28.25506,NHP
1730110,-32.0243,29.8521,NHP
4769321,-36.4875,27.81973,NHP
2713238,-35.9866,28.40628,NHP
7382003,-31.6709,25.96368,NHP
7217222,-36.5419,27.81361,NHP
4109613,-35.9383,28.19424,NHP
3996040,-36.229,28.13443,NHP
6780595,-34.1697,26.27953,NHP
4097424,-38.8179,28.14035,NHP
7605370,-32.0729,29.88915,NHP
8683771,-38.1018,27.45872,NHP
7542404,-39.299,29.05199,NHP
6895102,-38.0776,28.67956,NHP
1821560,-38.0459,28.90529,NHP
5010892,-39.7939,27.92601,NHP
2659106,-39.3863,27.71942,NHP
8328688,-34.9478,26.83073,NHP
1875303,-34.9183,25.96188,NHP
2333742,-32.2714,28.62752,NHP
1093017,-32.7418,29.64095,NHP
2489305,-39.3589,26.55097,NHP
5819158,-35.9106,28.04303,NHP
5649732,-36.5103,27.77413,NHP
2423461,-32.2883,28.16375,NHP
2024419,-38.6787,28.70759,NHP
6237597,-31.557,26.18767,NHP
2649786,-36.9587,28.46461,NHP
9355033,-39.5865,29.11695,NHP
2472507,-39.7773,30.33037,NHP
9349566,-37.5632,29.02085,NHP
2365626,-38.5505,27.36655,NHP
9384037,-32.0947,30.39508,NHP
4416737,-40.0404,27.69091,NHP
6515523,-36.6795,28.00513,NHP
3719986,-39.0238,27.12647,NHP
1931437,-37.391,30.22636,NHP
3145456,-38.9878,27.08537,NHP
3412592,-33.2829,28.97193,NHP
5848360,-35.5135,27.73627,NHP
3705665,-35.5984,26.36271,NHP
4065486,-37.9778,27.28539,NHP
9964678,-32.8628,28.37219,NHP
2456147,-39.0067,27.42591,NHP
5320765,-35.9805,29.62037,NHP
2513540,-39.8572,28.15758,NHP
8968925,-39.3549,28.29333,NHP
8348086,-32.8014,30.18383,NHP
9530789,-31.5458,27.37466,NHP
1644318,-36.706,27.43996,NHP
9098687,-36.9447,27.59316,NHP
4055093,-34.9906,26.35886,NHP
2778861,-36.0029,28.36971,NHP
3892931,-38.0487,28.89615,NHP
8006568,-34.7578,26.94577,NHP
4734987,-35.67,25.86488,NHP
9801830,-35.6441,25.89197,NHP
4870626,-35.287,26.05592,NHP
1098558,-36.5222,27.84038,NHP
6806172,-32.0987,28.99775,NHP
5636114,-31.8036,27.98111,NHP
8379183,-33.829,26.62892,NHP
9447731,-32.2992,28.16414,NHP
6511525,-33.1895,29.4935,NHP
6564213,-31.7197,29.96719,NHP
1651279,-34.8784,27.43823,NHP
7017234,-38.0964,29.21624,NHP
6085159,-38.7084,26.92932,NHP
9788035,-31.987,28.7875,NHP
8364299,-35.9879,28.19541,NHP
9813524,-35.8103,27.67543,NHP
7545103,-36.0298,26.01677,NHP
3137898,-31.8025,27.9791,NHP
2947362,-32.2604,29.57536,NHP
1584520,-34.912,25.94792,NHP
9978544,-38.0425,29.1257,NHP
2883559,-37.9616,27.12794,NHP
5675998,-36.2495,28.11235,NHP
5623034,-35.5649,27.71624,NHP
9902142,-33.2183,30.13315,NHP
6703581,-31.7986,27.9843,NHP
9146485,-35.9683,29.62699,NHP
6683254,-38.8577,28.2387,NHP
2649538,-36.9845,28.31399,NHP
5547184,-36.4718,26.78204,NHP
8286290,-32.2339,29.3681,NHP
7669369,-40.0162,28.63361,NHP
8325627,-33.8247,26.61666,NHP
9944849,-34.1868,27.90062,NHP
9971064,-31.3863,29.61887,NHP
8247849,-38.7737,27.76605,NHP
7600953,-35.0475,26.18326,NHP
7978196,-39.064,29.4275,NHP
7113146,-39.1376,28.57465,NHP
7970140,-35.271,28.05117,NHP
2827310,-33.1233,30.23628,NHP
2751410,-39.2709,27.85436,NHP
5579920,-36.9278,27.60084,NHP
2516326,-32.2366,29.381,NHP
3991272,-37.8061,27.87776,NHP
3366214,-37.7747,27.97001,NHP
5907068,-39.4418,29.1406,NHP
4483980,-38.7986,29.82802,NHP
6819623,-37.1688,27.98557,NHP
2255788,-32.4499,30.31047,NHP
2000193,-38.245,28.35752,NHP
6569110,-34.1906,27.90148,NHP
3682711,-38.7704,28.31358,NHP
8137730,-38.5228,26.67633,NHP
3833600,-35.5475,26.45856,NHP
9975388,-31.813,28.86311,NHP
1623804,-32.2789,29.55696,NHP
2169241,-37.8641,26.99249,NHP
6134405,-31.8045,27.99648,NHP
3105698,-39.2145,29.53902,NHP
9037641,-32.2957,28.6232,NHP
3874151,-39.0291,29.89873,NHP
M01_CN_A1_C01,-36.5683,27.83934,NHP
M01_CN_A1_C03,-36.5201,27.82121,NHP
M01_CN_A2_C06,-40.2253,28.41915,NHP
M01_CN_A3_C07,-31.455,28.99688,NHP
M01_CN_A4_C11,-32.3711,29.161,NHP
M01_JS_A4_C10,-35.6967,28.61155,NHP
M01_JS_A6_C13,-39.0302,28.27825,NHP
M02_MW_D2_C05,-32.8701,30.30581,NHP
M02_SM_A3_C05,-31.4898,28.84357,NHP
M02_SM_A6_C17,-31.452,30.36213,NHP
M02_SM_B1_C18,-38.7753,28.94023,NHP
M03_MW_A1_C12,-31.3349,29.51708,NHP
M03_SM_A1_C08,-32.3421,26.36002,NHP
M05_SM_A1_C06,-35.5683,26.44574,NHP
M05_SM_A1_C07,-32.6519,28.35044,NHP
M05_SM_A1_C09,-32.2813,28.16024,NHP
M05_SM_A1_C15,-36.5182,27.77949,NHP
M06_SM_A1_C05,-35.6594,28.83047,NHP
M08_JS_A1_C15,-38.0895,29.20707,NHP
M08_JS_A1_C16,-39.1502,29.351,NHP
