ID,Resistence,time_constant,streng_rectif,rebound_slope,nb_rebound_sp,sag,sag_ratio,rheobaseLP,burst,delay,latencyLP,meanISI,cv_ISI,adaptation1,adaptation2,peak_adaptation1,peak_adaptation2,peakLP,thresholdLP,half_width,height,fastTrough,slowTrough,nb_persistent,dur_persistence,firing_rate_2xRB,cvISIlast_2xRB,rheobase_3ms,latency,threshold,threshold2,peak,height_threshold_peak,height_peak_trough,peak_up_stroke,peak_down_stroke,peak_stroke_ratio,halfWidthTP,halfWidthPT,peakDown,trough,preview,link,Morphology
M01_CN_A5_C13,268.7072814,16.5,3.019287177,-0.000711979,0,3.019287177,1.034531864,30,415.9,0.067926946,15.9,234.075,1.607070564,-0.200995806,0.080325815,0.880126593,-0.007570003,22.99804739,-47.39379989,0.6,70.39184728,1.8,1.8,0,0,49,0.04408501,,0,,,,,,,,,,,,,,,
M01_CN_A5_C14,318.4814524,18.65,13.58813507,-0.003142256,0,13.58813507,1.141075946,110,,,11,,,,,,,8.361816593,-34.82055742,0.3,43.18237401,1.2,1.2,0,0,164,0.036285075,,0,,,,,,,,,,,,,,,
M01_JS_A4_C11,397.2778409,20.53333333,20.46350143,-0.007581836,0,20.46350143,1.203686941,50,39.05,0.754716981,44.8,59.36,0.346303579,0.057722226,1.656716418,0.969817711,-0.005689448,25.55542049,-35.71777424,1,61.27319473,3.7,3.7,0,0,33,0.210281539,280,3.45,-43.79272559,-43.79272559,34.25293045,78.04565604,96.41723848,291.6259831,-92.77343957,-3.143421053,0.8,0.95,-92.77343957,-62.16430803,,,
M01_JS_B1_C14,475.8300888,34.01666667,20.80029343,-0.010381237,0,20.80029343,1.215335699,30,,,44.3,,,,,,,25.39672908,-43.12133885,1.1,68.51806794,3.6,3.6,0,0,4,0.207478146,220,3.85,-46.48437604,-46.48437604,25.8300787,72.31445474,87.902834,141.4794953,-69.21386873,-2.044091711,1.1,1.35,-69.21386873,-62.07275529,,,
M01_MW_D5_C12,306.5185615,34.28333333,3.86450204,0.002242945,0,3.86450204,1.035699465,90,,,104.4,,,,,,,19.01855511,-45.67260844,2.8,64.69116356,5.1,16.5,0,0,2,0,300,3.75,-45.47729594,-45.47729594,13.91601594,59.39331187,82.53174013,143.3105501,-52.1240246,-2.74941452,1.3,1.65,-52.1240246,-68.61572419,,,
M01_SM_A1_C02,310.6079171,18.33333333,7.04406754,-0.001683996,0,7.04406754,1.076618712,170,,,9.1,,,,,,,14.11132844,-33.8073738,0.4,47.91870224,1,1,0,0,,,140,3.05,-33.99658279,-33.99658279,1.049804711,35.0463875,50.55542105,79.22363458,-73.24218914,-1.081666667,0.65,0.9,-73.24218914,-49.50561634,,,
M01_SM_A1_C03,318.4814524,20.18333333,13.58813507,-0.003142256,0,13.58813507,1.141075946,110,,,11,,,,,,,8.361816593,-34.82055742,0.3,43.18237401,1.2,1.2,0,0,164,0.036285075,180,3.25,-44.42138771,-44.42138771,16.070557,60.49194471,82.61718935,390.5029384,-275.1464905,-1.419254658,0.3,0.35,-275.1464905,-66.54663235,,,
M01_SM_A3_C09,246.2158258,15.35,4.889892687,-0.001365819,0,4.889892687,1.056905256,270,,,6.8,,,,,,,6.53686538,-32.43408276,0.3,38.97094814,0.9,0.9,0,0,,,300,2.7,-44.23217872,-44.23217872,15.73486363,59.96704236,77.30102712,389.5263759,-264.5263731,-1.472542686,0.3,0.35,-264.5263731,-61.56616349,,,
M02_JS_D4_C06,232.2387747,23.98333333,3.840332117,-0.000270366,0,3.840332117,1.038969887,30,37.45,0.654185022,74.25,113.5,0.491112246,0.192665774,13.81481481,0.85089141,-0.012695582,31.34155343,-43.97583106,0.95,75.3173845,2.45,2.45,0,0,19,0.323479715,440,3.5,-45.80688579,-45.80688579,27.83203187,73.63891766,75.98877123,268.5546935,-80.56640805,-3.333333333,0.95,0.95,-80.56640805,-48.15673936,,,
M02_JS_D5_C03,318.298347,18.61666667,7.369995282,-0.002193281,0,7.369995282,1.078779971,10,,,708.2,,,,,,,37.13989341,-45.98999126,0.55,83.12988467,1.95,1.95,3,0.05,26,0.087264249,200,4.9,-46.72241315,-46.72241315,39.85595792,86.57837108,102.3559593,366.8212973,-179.4433634,-2.044217687,0.55,0.6,-179.4433634,-62.5000014,,,
M02_JS_D6_C02,373.8403404,21.96666667,11.01257349,-0.00247577,0,11.01257349,1.117385675,90,14.5,0.661999791,9.9,14.9546875,0.061340316,0.000253031,1.032258065,1.017814155,0.000177691,24.90234431,-38.48266688,0.35,63.38501118,1.15,1.15,0,0,126,0.024261975,150,3.5,-47.21069441,-47.21069441,22.76611379,69.9768082,95.03174041,360.1074299,-230.1025442,-1.564986737,0.35,0.45,-230.1025442,-72.26562662,,,
M02_MW_D3_C06,293.5791081,21.94166667,5.308227658,-0.000613133,0,5.308227658,1.055695376,30,184.625,0.399630178,90.05,225.3333333,0.334710892,0.164521884,1.943300602,0.963254593,-0.008097092,41.93115328,-39.4592294,0.95,81.39038268,2.7,26,0,0,17,0.163875157,340,3.55,-41.9006357,-41.9006357,37.84179772,79.74243342,102.5390648,209.9609422,-92.77343957,-2.263157895,0.85,1.05,-92.77343957,-64.69726707,,,
M02_MW_D4_C09,281.3720766,14.71666667,8.736572461,-0.004098941,0,8.736572461,1.100670952,50,,0.656870532,41.35,62.95,0,,,0.94481383,,10.25390648,-35.64453205,0.35,45.89843853,0.9,0.9,0,0,62,0.077724151,250,3.55,-43.09082128,-43.09082128,10.2233889,53.31421018,80.352785,206.9091843,-210.5712938,-0.982608696,0.4,0.5,-210.5712938,-70.1293961,,,
M02_MW_D6_C12,205.0781296,22.075,8.200073425,-0.001289849,0,8.200073425,1.101346509,30,352.6,0.457033466,161.15,352.6,0.192318606,,,1.006713913,,46.87500105,-34.94262773,1,81.81762878,2.95,2.95,0,0,14,0.124278273,530,3.6,-32.71484448,-32.71484448,41.9006357,74.61548018,103.4851097,203.8574264,-93.38379115,-2.183006536,0.85,1.05,-93.38379115,-61.58447403,,,
M02_MW_D6_C13,402.2216887,32.35833333,12.88757353,-0.000344163,0,12.88757353,1.12899777,30,339.875,0.433247517,147.25,339.875,0.352123053,,,1.01178361,,23.620606,-33.35571364,1.4,56.97631963,4.85,22.25,1,0.85,3,0.151306729,,0,,,,,,,,,,,,,,,
M02_SM_A1_C03,345.7641679,14.10833333,10.56884789,-0.004334772,1,10.56884789,1.100130686,10,30.625,0.530180727,61.85,116.6583333,1.316720094,0.033365201,1.321005917,0.903058824,-0.008334539,10.49804711,-54.35180786,0.4,64.84985497,1.5,1.5,0,0,11,1.235975396,130,24.95,-52.67334102,-52.67334102,8.209228699,60.88256972,75.98877123,317.9931712,-194.0918012,-1.63836478,0.4,0.4,-194.0918012,-67.77954253,,,
M02_SM_A2_C04,234.680181,18.70833333,3.2141114,-0.000206656,0,3.2141114,1.032998296,130,,,34.5,,,,,,,34.54589921,-34.51538163,0.7,69.06128084,2.4,56.15,0,0,27,1.030066379,570,3.4,-40.4663095,-40.4663095,35.73608478,76.20239428,98.66333228,274.6582093,-99.48730691,-2.760736196,0.75,0.9,-99.48730691,-62.9272475,,,
M02_SM_A4_C07,215.1489306,11.84166667,11.04492212,-0.003419206,0,11.04492212,1.137817584,110,,,14.85,,,,,,,14.00756867,-38.75732509,0.4,52.76489376,1.15,1.15,0,0,131,0.070868285,250,3.35,-45.25756937,-45.25756937,15.28930698,60.54687635,80.59692563,305.7861396,-193.4814496,-1.58044164,0.4,0.5,-193.4814496,-65.30761865,,,
M02_SM_A4_C08,416.2597749,22.15833333,4.525756937,0.000189938,0,4.525756937,1.038632871,30,93.575,0.149627704,31.65,211.525,0.962318871,0.114676868,2.165307635,0.971914894,-0.000142405,29.84619207,-41.87011812,0.8,71.7163102,2.15,16.55,0,0,28,0.201767906,310,3.4,-45.83740337,-45.83740337,26.6418463,72.47924967,99.97558817,291.7480534,-106.2011742,-2.747126437,0.8,1,-106.2011742,-73.33374187,,,
M02_SM_A5_C10,273.4375061,15.15833333,12.10388211,-0.002393154,0,12.10388211,1.13214588,150,,,10.25,,,,,,,15.22827182,-35.98022541,0.3,51.20849724,0.9,0.9,0,0,,,200,1.95,-45.47119242,-45.47119242,17.79174844,63.26294087,82.51953309,394.8974698,-261.8408262,-1.508158508,0.3,0.4,-261.8408262,-64.72778465,,,
M02_SM_A6_C16,274.2767395,14.73333333,13.32763702,-0.001848662,0,13.32763702,1.17144562,110,,,8.95,,,,,,,27.46582093,-41.99218844,0.35,69.45800937,0.9,0.9,0,0,177,0.037442385,160,3.2,-47.05810652,-47.05810652,31.43310617,78.49121269,95.45898651,382.6904382,-278.9306703,-1.371991247,0.35,0.4,-278.9306703,-64.02588034,,,
M03_JS_A1_C01,237.3962455,30.04166667,11.32440211,-0.001664102,0,11.32440211,1.127705954,30,,0.610583446,90,147.4,0,,,0.90430102,,14.53552279,-44.42749123,0.5,58.96301401,1.55,1.55,0,0,5,0.187529013,195,3.35,-48.22998155,-48.22998155,15.26489292,63.49487447,80.57861508,248.2910212,-155.7617222,-1.594043887,0.5,0.65,-155.7617222,-65.31372216,,,/morphology.html?cell=M3.JS.A1.C1.swc
M03_JS_A1_C06,502.258312,17.09166667,4.003906339,-0.001412574,0,4.003906339,1.034784453,30,43.6,0.419724771,18.3,43.6,0.415181963,,,0.939073924,,33.28857496,-41.84570406,0.55,75.13427902,1.7,1.7,0,0,57,0.185011396,105,4.05,-47.61352645,-47.61352645,28.8879401,76.50146655,91.29028524,350.7080157,-162.2314489,-2.161775771,0.5,0.6,-162.2314489,-62.40234514,,,
M03_JS_A1_C18,387.0849696,25.725,4.621215924,0.000911304,0,4.621215924,1.042124507,30,45.8,0.7667789,48.8,63.64285714,0.146938901,0.017330876,1.570938215,0.904529382,-0.00549453,27.86254945,-44.63501076,0.75,72.49756021,2.5,10.8,0,0,29,0.128437392,220,3.1,-50.78125114,-50.78125114,29.8950202,80.67627133,93.85376186,286.6211002,-113.4033228,-2.52744887,0.65,0.75,-113.4033228,-63.95874166,,,
M03_MW_A1_C03,224.60938,25.49166667,6.585693507,-0.000866038,0,6.585693507,1.07818274,50,88.3,0.449877134,89.25,198.3875,0.682948998,0.310120213,8.127659574,0.978862974,-0.003370614,45.77636821,-37.96386804,1.5,83.74023625,4.1,4.1,0,0,14,0.375496497,925,3.85,-32.89794995,-32.89794995,43.24340917,76.14135912,105.7739281,192.8710981,-53.7109387,-3.590909091,1.45,1.8,-53.7109387,-62.53051898,,,
M03_MW_A1_C04,350.0366289,20,9.921875222,-0.001023483,0,9.921875222,1.096192764,50,,,90.05,,,,,,,27.0690924,-38.94043056,1.15,66.00952296,3.7,3.7,0,0,14,0.858947063,150,2.8,-50.14038198,-50.14038198,22.09472706,72.23510904,86.42578318,187.3779339,-67.13867338,-2.790909091,1.05,1.2,-67.13867338,-64.33105613,,,/morphology.html?cell=M3.MW.A4.C4.swc
M03_MW_A1_C06,248.7182673,19.90833333,4.286499119,-0.0000854,0,4.286499119,1.049746063,50,280.6,0.478617249,134.3,280.6,0.359601346,,,0.992842105,,39.97802824,-32.50122143,1.35,72.47924967,4.35,50.7,0,0,3,0.348122066,,0,,,,,,,,,,,,,,,
M03_MW_A1_C11,171.3867226,17.20833333,5.097168083,-0.000816646,0,5.097168083,1.05827416,70,230.65,0.135486668,31.25,230.65,0.906224862,,,0.963685272,,47.26562606,-52.56958125,1.15,99.83520731,4.85,20.25,0,0,15,0.182675107,450,3.8,-60.64453261,-60.64453261,25.46997127,86.11450388,109.5275903,240.9668023,-68.48144684,-3.518716578,1.3,1.5,-68.48144684,-84.05761907,,,
M03_MW_A1_C16,283.2031313,28.975,4.5267335,-0.001069846,0,4.5267335,1.052677185,30,,,71.25,,,,,,,45.97778423,-40.01464933,1.45,85.99243356,5,5.9,0,0,7,0.253848615,280,4.15,-46.3134776,-46.3134776,28.75366275,75.06714035,90.61279499,173.8281289,-53.22265744,-3.266055046,1.45,1.6,-53.22265744,-61.85913224,,,
M03_SM_A1_C02,150.5126987,18.99166667,3.329711988,-0.000273427,0,3.329711988,1.038495681,70,,,128.3,,,,,,,35.96191487,-30.74951241,0.65,66.71142727,5.05,39.7,0,0,1,,,0,,,,,,,,,,,,,,,
M03_SM_A1_C04,294.5556706,18.625,3.669067465,-0.001732675,0,3.669067465,1.042176798,150,17.075,0.68681632,6.9,10.04635417,0.157947011,-0.003657076,0.475,0.864912474,-0.001057308,20.75195359,-34.68628007,0.4,55.43823366,1.3,1.3,0,0,,,180,3.35,-41.16821381,-41.16821381,22.35107472,63.51928853,81.68335144,271.6064514,-161.1328161,-1.685606061,0.45,0.6,-161.1328161,-59.33227672,,,
M03_SM_A1_C12,199.7680709,14.29166667,0.322387703,0.0000639,0,0.322387703,1.004015454,90,,,33.15,,,,,,,30.51147529,-33.94165115,1.05,64.45312644,5,7.1,0,0,,,,0,,,,,,,,,,,,,,,
M03_SM_A1_C13,329.8950269,27.35833333,10.24572777,-0.00105228,0,10.24572777,1.111425298,110,,,8.45,,,,,,,13.75122101,-34.5825203,0.35,48.33374131,1.2,1.2,0,0,,,170,3.4,-39.63012784,-39.63012784,12.24365262,51.87378046,75.83007982,312.3779367,-193.3593793,-1.615530303,0.35,0.45,-193.3593793,-63.5864272,,,
M03_SM_A1_C16,266.1743224,24.78333333,7.986938655,-0.001006651,0,7.986938655,1.088064002,70,,,27.25,,,,,,,33.33129957,-37.34130943,0.6,70.672609,1.75,1.75,0,0,1,,500,3.4,-43.81713965,-43.81713965,31.0974128,74.91455246,94.69604704,304.8095771,-129.8828154,-2.346804511,0.55,0.65,-129.8828154,-63.59863423,,,
M04_JS_A1_C01,634.1552876,28.34166667,21.20141649,-0.002676112,0,21.20141649,1.277583416,50,,,8.5,,,,,,,24.62463434,-39.70947354,0.4,64.33410788,1.55,1.55,0,0,,,60,3.85,-39.54467862,-39.54467862,13.82141144,53.36609006,73.86474774,188.6596722,-114.3798854,-1.64941302,0.55,0.7,-114.3798854,-60.0433363,,,
M04_JS_A1_C02,413.1317231,24.35833333,6.442505027,-0.000210159,0,6.442505027,1.079253908,20,,,53.2,,,,,,,30.04455634,-41.46423433,0.75,71.50879066,5.05,14.85,0,0,4,0.220770253,70,4.95,-42.01049899,-42.01049899,18.43566936,60.44616834,79.27246271,158.0200231,-61.40136856,-2.573558648,0.95,1.2,-61.40136856,-60.83679335,,,
M04_JS_A1_C14,292.0532292,29.76666667,5.630127079,-0.000701293,0,5.630127079,1.073284786,10,,,808.6,,,,,,,44.94323831,-41.42456147,0.9,86.36779978,5.05,77.4,0,0,6,0.047928081,310,3.25,-48.14453233,-48.14453233,47.73864853,95.88318085,109.3566919,412.2314545,-109.985354,-3.748057714,0.8,0.85,-109.985354,-61.61804337,,,
M04_JS_A1_C15,475.6927597,26.725,5.894592417,-0.005047741,0,5.894592417,1.067767484,10,,,439.4,,,,,,,24.45983941,-43.4875498,1.3,67.94738921,5.05,51.1,0,0,8,0.37926915,300,3.6,-49.20654407,-49.20654407,24.34997613,73.5565202,91.583254,194.6411176,-77.45361501,-2.513002364,0.9,1.1,-77.45361501,-67.23327787,,,
M04_MW_A1_C02,98.75488502,7.116666667,3.179077219,-0.000405905,0,3.179077219,1.035760727,270,,,29.3,,,,,,,42.40112399,-41.34521577,0.8,83.74633976,5.05,18.5,1,0.25,,,,0,,,,,,,,,,,,,,,
M04_MW_A1_C03,163.6962927,10.59166667,6.593139796,-0.00108133,0,6.593139796,1.093478761,150,43.225,9.57789135,632.5,66.0375,0.46770411,0.089150689,1.782608696,0.993071365,-0.002275509,31.45752023,-30.2062995,0.3,61.66381974,0.8,0.8,0,0,,,360,3.3,-38.21411218,-38.21411218,30.7067878,68.92089998,92.73681848,434.5703222,-320.6787181,-1.355157975,0.3,0.35,-320.6787181,-62.03003068,,,
M04_MW_A1_C06,197.2045943,12.16666667,8.762451368,-0.001597353,0,8.762451368,1.119962966,150,,,8.35,,,,,,,30.981446,-42.9077158,0.4,73.88916181,1.1,1.1,0,0,,,205,3.3,-44.87304788,-44.87304788,31.35986398,76.23291186,87.90893751,390.1367275,-237.3046928,-1.644032922,0.35,0.4,-237.3046928,-56.54907353,,,
M04_MW_A1_C08,313.9038156,24.93333333,7.264038248,-0.001213126,0,7.264038248,1.08285079,50,,,73.05,,,,,,,40.89965912,-34.94262773,0.95,75.84228685,3.2,18.4,0,0,15,0.46535773,210,3.8,-49.71923939,-49.71923939,42.68188572,92.40112511,107.6599145,301.269538,-96.67968966,-3.116161616,0.85,1,-96.67968966,-64.9780288,,,
M04_SM_A1_C07,242.431646,13.89166667,4.45336924,-0.000383491,0,4.45336924,1.044519127,90,,,24.4,,,,,,,25.78125058,-45.91064556,0.8,71.69189613,4.75,8.6,0,0,,,350,3.6,-51.74560663,-51.74560663,22.2656255,74.01123212,91.36352743,191.8945355,-99.48730691,-1.928834356,0.8,0.95,-99.48730691,-69.09790194,,,
M04_SM_A1_C09,390.5639736,23.29166667,20.65441941,-0.003277439,1,20.65441941,1.245414817,70,,,12.85,,,,,,,10.65673852,-38.39111414,0.9,49.04785266,2.95,2.95,0,0,1,,145,4,-40.66772552,-40.66772552,14.74609408,55.4138196,73.76709149,129.5166045,-80.20019711,-1.614916286,0.85,1.05,-80.20019711,-59.02099741,,,
M05_JS_A1_C03,348.2818681,16.53333333,5.299072384,-0.000790568,0,5.299072384,1.051997988,50,,0.608814175,67,110.05,0,,,0.94042728,,35.18676836,-39.09301845,0.9,74.27978682,4.95,15.5,0,0,23,0.206924989,75,6.25,-40.58837981,-40.58837981,23.07128958,63.65966939,82.61108583,169.6777382,-62.86621234,-2.699029126,1.15,1.35,-62.86621234,-59.53979625,,,
M05_JS_A1_C04,540.1611449,22.93333333,7.765503103,-0.002516772,0,7.765503103,1.081937441,50,,,10.45,,,,,,,8.056640805,-46.081544,0.55,54.1381848,2.2,2.2,0,0,3,0.066888479,130,3.25,-46.53930768,-46.53930768,8.361816593,54.90112427,69.36645663,262.4511777,-112.9150416,-2.324324324,0.5,0.65,-112.9150416,-61.00464004,,,
M05_JS_A1_C05,553.8940553,21.4,5.131836052,-0.001079917,0,5.131836052,1.05481381,10,119.875,0.413107896,47.4,114.74,0.150985659,0.025493898,1.227180527,0.929284858,-0.012929963,23.01025442,-53.37524533,1.1,76.38549975,4.9,8.6,0,0,29,0.150704066,,0,,,,,,,,,,,,,,,
M05_JS_A1_C06,366.2109457,19.50833333,12.57385282,-0.002267416,0,12.57385282,1.144114334,70,17.4,0.804315841,16.4,20.39,0.13170069,0.008568885,1.510086455,0.810202206,-0.004265347,23.25439505,-43.15185643,0.45,66.40625148,1.35,1.35,0,0,111,0.085386915,225,3.65,-45.98999126,-45.98999126,25.23803767,71.22802894,89.01977738,305.7861396,-182.4951213,-1.675585284,0.5,0.55,-182.4951213,-63.78173971,,,
M05_JS_A1_C08,329.2083814,18.9,4.857177843,-0.000862536,0,4.857177843,1.056623643,50,,,98.25,,,,,,,7.110595862,-38.11645593,1.3,45.22705179,3.85,3.85,0,0,2,0,95,13.25,-64.20898581,-64.20898581,2.868652408,67.07763822,68.29834137,152.587894,-76.90429859,-1.984126984,1.15,1.15,-76.90429859,-65.42968896,,,
M05_JS_A1_C09,445.5566506,16.74166667,9.970092996,-0.001151484,0,9.970092996,1.106337272,70,,,9.1,,,,,,,32.56225659,-43.02978612,0.85,75.59204271,3.55,3.55,0,0,2,0,150,3.65,-49.1027843,-49.1027843,31.43310617,80.53589047,100.1586936,274.0478577,-103.1494164,-2.656804734,0.8,1,-103.1494164,-68.72558747,,,
M05_JS_A1_C11,274.9972935,16.70833333,5.709838995,0.000250704,0,5.709838995,1.061467197,40,41.525,2.838454573,111.95,39.44047619,0.092755817,-0.000645927,0.97761194,0.823175966,-0.00477196,27.89306703,-43.21289159,0.95,71.10595862,3.95,3.95,0,0,19,0.051939479,245,3.4,-42.99926854,-42.99926854,34.851075,77.85034354,100.2197288,289.3066471,-102.5390648,-2.821428571,0.8,0.95,-102.5390648,-65.3686538,,,
M05_MJ_A1_C04,179.5654337,25.24166667,2.67791754,-0.000347459,0,2.67791754,1.029812968,70,,,130.3,,,,,,,9.765625218,-44.56482033,1.55,54.33044555,5.05,35.3,0,0,9,0.127006925,,0,,,,,,,,,,,,,,,
M08_JS_A1_C01,266.7236388,18.93333333,10.2435305,-0.003473136,0,10.2435305,1.123570687,90,,,19.65,,,,,,,27.55737366,-35.24780352,0.45,62.80517719,1.55,1.55,0,0,,,270,3.45,-47.14965926,-47.14965926,31.92138743,79.07104669,98.60229713,367.4316488,-198.9746138,-1.846625767,0.5,0.55,-198.9746138,-66.68090969,,,
M08_JS_A1_C03,325.3173901,13.70833333,2.651367247,-0.00070829,0,2.651367247,1.026772508,50,,,17.8,,,,,,,32.19604564,-48.85864367,0.55,81.05468931,1.65,1.65,3,545.2,52,0.209141291,140,3.8,-48.00415146,-48.00415146,29.84619207,77.85034354,92.04101768,326.5380932,-148.9257846,-2.192622951,0.55,0.65,-148.9257846,-62.19482561,,,
M08_JS_A1_C04,575.2563605,28.675,8.591919137,-0.000697452,0,8.591919137,1.078478924,50,,,5.5,,,,,,,20.26367233,-40.77148529,0.75,61.03515761,2.25,2.25,0,0,12,0.155659315,80,3.3,-46.44775494,-46.44775494,22.70507863,69.15283358,85.29663277,196.5332075,-115.3564479,-1.703703704,0.7,0.85,-115.3564479,-62.59155413,,,
M08_JS_A1_C08,116.2211126,17.8,5.356445432,-0.000900269,0,5.356445432,1.05993553,250,,,26.35,,,,,,,36.2854012,-40.95459076,0.65,77.23999196,1.5,16.05,0,0,,,,0,,,,,,,,,,,,,,,
M08_JS_A1_C09,425.4150486,35.625,11.45935084,-0.001092383,0,11.45935084,1.121816707,10,132.575,0.577580978,79.35,137.3833333,0.089656422,0.009212168,1.037769149,0.911607576,-0.020088913,25.84838925,-36.98730551,0.75,62.83569476,2.4,2.4,0,0,13,0.090670758,170,3.3,-39.79492276,-39.79492276,21.72851611,61.52343888,79.31518732,208.1298875,-100.0976585,-2.079268293,0.75,0.9,-100.0976585,-57.58667121,,,
M08_JS_A1_C15,216.6748095,20.55,7.604370287,-0.000887994,0,7.604370287,1.081596165,110,,,81,,,,,,,34.05761795,-37.56713951,0.85,71.62475746,2.9,15.8,0,0,,,,0,,,,,,,,,,,,,,,
M08_JS_A1_C16,152.587894,17.29166667,5.67688001,-0.000891545,0,5.67688001,1.065247739,90,112.025,0.373845318,68.8,184.0333333,0.870440812,0.555497921,28.52608696,0.963559647,-0.008072667,34.97314531,-44.58618264,1.35,79.55932795,3,3,0,0,,,,0,,,,,,,,,,,,,,,
M08_MW_A1_C03,308.8378975,16.225,15.65063512,-0.003322888,0,15.65063512,1.169580975,30,214.65,1.269717624,260.8,205.4,0.291543485,0.041372728,1.190825104,0.996629213,0.001586704,37.47558678,-44.00634864,0.85,81.48193542,3.25,50.15,0,0,32,0.154496625,245,2.9,-47.82104599,-47.82104599,43.36547948,91.18652548,103.8208031,429.077158,-111.6943384,-3.841530055,0.7,0.75,-111.6943384,-60.45532362,,,
M08_MW_A1_C07,144.3481478,8.791666667,6.181640763,-0.001440438,0,6.181640763,1.07199727,130,,,54.1,,,,,,,23.07128958,-46.32568463,0.85,69.39697421,1.95,51.1,0,0,,,,0,,,,,,,,,,,,,,,
M08_SM_A1_C03,280.4565492,18.30833333,12.18261746,-0.002247263,0,12.18261746,1.14602385,90,14.05,0.639981346,8.95,13.98478261,0.08614057,0.000764677,1.110294118,0.829831933,-0.001309539,12.96997099,-45.13549906,0.5,58.10547005,1.65,1.65,0,0,,,115,4.25,-48.33984483,-48.33984483,13.97705109,62.31689592,80.10864437,262.4511777,-169.6777382,-1.54676259,0.45,0.55,-169.6777382,-66.13159328,,,
M08_SM_A1_C07,106.8115258,16.88333333,2.437744195,-0.000137182,0,2.437744195,1.030876032,130,,,71.45,,,,,,,34.21020584,-37.04834067,0.9,71.25854651,4.65,31.95,0,0,,,,0,,,,,,,,,,,,,,,
M08_SM_A1_C09,108.9477563,17.725,4.947509876,-0.0000667,0,4.947509876,1.062549192,70,,0.653555219,86.4,132.2,0,,,0.905559787,,38.36059656,-41.77856539,0.7,80.13916195,2.45,30.9,0,0,20,0.180714609,770,3.35,-50.65918082,-50.65918082,41.07666107,91.73584189,111.2976099,395.5078213,-107.4218774,-3.681818182,0.7,0.85,-107.4218774,-70.22094884,,,
M10_JS_A1_C03,428.0090428,20.09166667,14.23217805,0.000621748,0,14.23217805,1.151335003,20,70.95,0.94689474,65.15,68.80384615,0.115651115,-0.003112651,0.926481085,0.968561064,-0.001278881,31.31103586,-44.40307716,0.6,75.71411302,1.8,1.8,3,6848.7,34,0.06515501,250,3.6,-44.21997169,-44.21997169,31.03637765,75.25634934,95.52002167,299.0722723,-162.3535193,-1.842105263,0.55,0.65,-162.3535193,-64.48364402,,,
M10_JS_A1_C08,189.9719281,21.1,9.869995338,-0.001296123,0,9.869995338,1.101050435,90,,,67.75,,,,,,,21.54541064,-35.82763752,0.95,57.37304816,3.7,3.7,0,0,3,0.502352532,740,3.35,-51.84936639,-51.84936639,28.41186587,80.26123226,91.88842979,245.3613336,-98.87695534,-2.481481481,0.8,0.9,-98.87695534,-63.47656392,,,
M10_JS_A1_C14,173.5142338,15.65625,7.642212085,-0.001160661,0,7.642212085,1.080222195,90,128.7,0.634809635,81.7,128.7,0.571399419,,,0.885714286,,25.66528378,-43.76220801,0.8,69.42749179,2.7,40.75,0,0,,,600,3.7,-44.15893653,-44.15893653,8.850097854,53.00903439,75.04272629,186.7675823,-81.17675963,-2.30075188,0.75,1,-81.17675963,-66.19262843,,,
M10_JS_A1_C17,72.60640625,18.6875,3.071899483,-0.000370726,0,3.071899483,1.034694314,150,367.375,0.412112964,151.4,367.375,0.303437588,,,0.981617647,,37.75024498,-45.25756937,1.4,83.00781436,4.95,119.25,0,0,14,0.339636073,1760,3.5,-58.68530405,-58.68530405,47.54638778,106.2316918,98.60229713,336.3037185,-72.63183756,-4.630252101,1.25,1.2,-72.63183756,-51.05590934,,,
M10_JS_A1_C18,185.3942913,21.33125,8.582763864,-0.001130207,0,8.582763864,1.091023251,150,,,11.55,,,,,,,15.77758824,-32.2570808,0.4,48.03466904,1.3,1.3,0,0,4,0.494710598,360,3.2,-35.03418047,-35.03418047,22.09472706,57.12890753,73.48632977,325.9277417,-186.7675823,-1.745098039,0.35,0.4,-186.7675823,-51.39160271,,,
M10_JS_A1_C20,386.8103114,20.16875,4.731445418,-0.00025343,0,4.731445418,1.051474787,40,78.275,0.465994001,35.6,76.39583333,0.075556587,-0.001429801,0.968814969,0.968006917,-0.001113894,32.80639722,-37.78076256,0.7,70.58715978,5,13.45,0,0,34,0.09814397,410,4.05,-33.41674879,-33.41674879,33.72192458,67.13867338,94.54345914,270.3857482,-109.2529321,-2.474860335,0.65,0.85,-109.2529321,-60.82153456,,,
M10_JS_A1_C22,324.6307446,24.675,8.125610533,-0.000720264,0,8.125610533,1.08066676,60,76.7,0.402992437,40.85,101.3666667,0.746982187,0.12555443,13.51086957,0.698067633,-0.014202126,22.70507863,-40.4663095,0.35,63.17138813,1.2,1.2,0,0,79,0.097731218,360,3.35,-47.79052841,-47.79052841,29.90722723,77.69775564,95.00122283,414.4287202,-263.0615293,-1.575406032,0.35,0.4,-263.0615293,-65.0939956,,,
M10_JS_A1_C23,256.347662,25.6625,8.307495303,-0.001615252,0,8.307495303,1.097999122,40,,,251.7,,,,,,,38.63525477,-33.59985427,1,72.23510904,4.75,91.95,0,0,5,0.445796763,540,3.35,-42.35839938,-42.35839938,49.19433704,91.55273642,105.2551293,377.1972741,-86.66992381,-4.352112676,0.95,1.05,-86.66992381,-56.06079227,,,
M10_JS_A1_C24,227.7374318,26.575,6.779785308,-0.001296393,0,6.779785308,1.079489345,60,,,208.75,,,,,,,36.04126057,-37.62817467,1.15,73.66943524,3.55,94.25,0,0,6,0.238632513,1220,3.4,-52.03247187,-52.03247187,48.73657335,100.7690452,108.7951684,347.9003984,-86.66992381,-4.014084507,1.05,1.1,-86.66992381,-60.05859509,,,
M10_JS_A1_C26,264.3585264,28.81875,7.9193117,-0.005091506,0,7.9193117,1.086399201,40,,,74.65,,,,,,,16.8457035,-35.88867268,0.5,52.73437618,1.7,1.7,4,7434.35,40,0.114003883,420,3.35,-45.04394632,-45.04394632,33.41674879,78.46069511,97.35107639,449.21876,-264.2822325,-1.699769053,0.4,0.4,-264.2822325,-63.9343276,,,
M10_SA_A1_C01,303.6499091,20.14375,1.685058631,0.000181599,0,1.685058631,1.018944728,130,,,72.3,,,,,,,31.14624093,-30.80444405,0.85,61.95068498,3.35,3.35,0,0,3,1.344812997,550,3.65,-44.31457619,-44.31457619,38.58337489,82.89795107,103.0487084,282.0434633,-77.20947438,-3.652964427,0.95,1.1,-77.20947438,-64.46533347,,,
M10_SA_A1_C02,145.4219144,17.4625,4.460510354,-0.000793258,0,4.460510354,1.049010844,165,,1.237918216,16.65,13.45,0,,,0.934977578,,17.17224159,-38.63220301,0.25,55.80444461,0.9,0.9,4,634.7,159,0.040338588,420,3.7,-46.78650007,-46.78650007,17.98706095,64.77356102,90.25268756,405.5786223,-284.1796939,-1.427190722,0.3,0.4,-284.1796939,-72.26562662,,,
M10_SA_A1_C07,198.4863326,22.30625,1.998779342,-0.000230619,0,1.998779342,1.021081472,100,,,26.9,,,,,,,17.93212931,-45.29113871,0.3,63.22326801,0.95,0.95,0,0,104,0.047844972,350,3.5,-52.72216915,-52.72216915,25.49438534,78.21655448,96.62780978,464.6606549,-289.0625065,-1.607474662,0.35,0.4,-289.0625065,-71.13342444,,,
M10_SA_A1_C08,317.3217844,21.46875,8.77099629,-0.001564033,0,8.77099629,1.098162091,55,28.4,1.108953382,32.3,29.1265625,0.067336396,0.001056413,1.068901304,0.971402275,-0.000870306,7.403564619,-39.0167245,0.35,46.42028912,1.3,1.3,5,0.05,101,0.021855022,290,3.7,-42.09899996,-42.09899996,20.27587936,62.37487932,93.6553976,379.0893639,-263.8549864,-1.43673375,0.3,0.4,-263.8549864,-73.37951824,,,
M10_SA_A1_C11,86.402895,22.34375,2.292114309,-0.000116887,0,2.292114309,1.024623216,120,,,115.3,,,,,,,40.1184091,-41.10717865,1.15,81.22558775,5.05,33.35,,,5,0.274161518,1360,3.8,-46.46606549,-46.46606549,39.04419033,85.51025582,106.2438989,271.7285217,-62.5000014,-4.34765625,1.3,1.55,-62.5000014,-67.19970853,,,
